# Önlem ifadeleri (P), tüketici ürünlerinde sık görülenler.
# Sütunlar: kod<TAB>TR<TAB>EN<TAB>ilk yardım (1/0)
P101	Tıbbi tavsiye gerekirse ürün kabını veya etiketini yanınızda bulundurun.	If medical advice is needed, have product container or label at hand.	1
P102	Çocukların erişemeyeceği yerde saklayın.	Keep out of reach of children.	0
P103	Kullanmadan önce etiketi okuyun.	Read label before use.	0
P201	Kullanmadan önce özel talimatları okuyun.	Obtain special instructions before use.	0
P202	Bütün önlem ifadeleri okunup anlaşılmadan elleçlemeyin.	Do not handle until all safety precautions have been read and understood.	0
P210	Isıdan, sıcak yüzeylerden, kıvılcımdan, açık alevden ve diğer tutuşturucu kaynaklardan uzak tutun. Sigara içilmez.	Keep away from heat, hot surfaces, sparks, open flames and other ignition sources. No smoking.	0
P211	Açık aleve veya diğer tutuşturucu kaynaklara püskürtmeyin.	Do not spray on an open flame or other ignition source.	0
P251	Delmeyin veya yakmayın, kullandıktan sonra bile.	Do not pierce or burn, even after use.	0
P260	Tozunu/dumanını/gazını/sisini/buharını/spreyini solumayın.	Do not breathe dust/fume/gas/mist/vapours/spray.	0
P261	Tozunu/dumanını/gazını/sisini/buharını/spreyini solumaktan kaçının.	Avoid breathing dust/fume/gas/mist/vapours/spray.	0
P262	Gözlerle, ciltle veya giysilerle temasından kaçının.	Do not get in eyes, on skin, or on clothing.	0
P263	Gebelik sırasında ve emzirirken temastan kaçının.	Avoid contact during pregnancy and while nursing.	0
P264	Elleçlemeden sonra elleri, kolları ve yüzü iyice yıkayın.	Wash hands thoroughly after handling.	0
P270	Bu ürünü kullanırken hiçbir şey yemeyin, içmeyin veya sigara içmeyin.	Do not eat, drink or smoke when using this product.	0
P271	Sadece dışarıda veya iyi havalandırılan bir alanda kullanın.	Use only outdoors or in a well-ventilated area.	0
P273	Çevreye verilmesinden kaçının.	Avoid release to the environment.	0
P280	Koruyucu eldiven/koruyucu kıyafet/göz koruyucu/yüz koruyucu kullanın.	Wear protective gloves/protective clothing/eye protection/face protection.	0
P301+P310	YUTULDUĞUNDA: Hemen ZEHİR DANIŞMA MERKEZİNİ veya doktoru arayın.	IF SWALLOWED: Immediately call a POISON CENTER/doctor.	1
P301+P312	YUTULDUĞUNDA: Kendinizi iyi hissetmezseniz ZEHİR MERKEZİNİ veya doktoru arayın.	IF SWALLOWED: Call a POISON CENTER/doctor if you feel unwell.	1
P301+P330+P331	YUTULDUĞUNDA: Ağzınızı çalkalayın. KUSTURMAYIN.	IF SWALLOWED: Rinse mouth. Do NOT induce vomiting.	1
P302+P352	CİLT İLE TEMAS HALİNDE: Bol su ile yıkayın.	IF ON SKIN: Wash with plenty of water.	1
P303+P361+P353	CİLT (veya saç) İLE TEMAS HALİNDE: Kirlenmiş giysilerin hepsini hemen çıkarın. Cildi su ile durulayın.	IF ON SKIN (or hair): Take off immediately all contaminated clothing. Rinse skin with water.	1
P304+P340	SOLUNMASI HALİNDE: Kişiyi temiz havaya çıkarın ve rahat nefes alabileceği bir pozisyonda tutun.	IF INHALED: Remove person to fresh air and keep comfortable for breathing.	1
P305+P351+P338	GÖZLE TEMASI HALİNDE: Su ile birkaç dakika dikkatlice durulayın. Varsa ve yapması kolaysa kontakt lensleri çıkarın. Durulamaya devam edin.	IF IN EYES: Rinse cautiously with water for several minutes. Remove contact lenses, if present and easy to do. Continue rinsing.	1
P308+P313	Maruz kalma veya etkilenme halinde: Tıbbi yardım/bakım alın.	IF exposed or concerned: Get medical advice/attention.	1
P310	Hemen ZEHİR DANIŞMA MERKEZİNİ veya doktoru arayın.	Immediately call a POISON CENTER/doctor.	1
P312	Kendinizi iyi hissetmezseniz ZEHİR MERKEZİNİ veya doktoru arayın.	Call a POISON CENTER/doctor if you feel unwell.	1
P313	Tıbbi yardım/bakım alın.	Get medical advice/attention.	1
P330	Ağzınızı çalkalayın.	Rinse mouth.	1
P331	KUSTURMAYIN.	Do NOT induce vomiting.	1
P332+P313	Ciltte tahriş oluşursa: Tıbbi yardım/bakım alın.	If skin irritation occurs: Get medical advice/attention.	1
P333+P313	Ciltte tahriş veya kızarıklık oluşursa: Tıbbi yardım/bakım alın.	If skin irritation or rash occurs: Get medical advice/attention.	1
P337+P313	Göz tahrişi devam ederse: Tıbbi yardım/bakım alın.	If eye irritation persists: Get medical advice/attention.	1
P391	Döküntüyü toplayın.	Collect spillage.	0
P403+P233	İyi havalandırılmış bir alanda depolayın. Kabı sıkıca kapalı tutun.	Store in a well-ventilated place. Keep container tightly closed.	0
P405	Kilit altında saklayın.	Store locked up.	0
P410	Güneş ışığından koruyun.	Protect from sunlight.	0
P410+P412	Güneş ışığından koruyun. 50 °C üzerindeki sıcaklıklara maruz bırakmayın.	Protect from sunlight. Do not expose to temperatures exceeding 50 °C/122 °F.	0
P501	İçeriği/kabı yerel, bölgesel, ulusal ve/veya uluslararası düzenlemelere uygun olarak bertaraf edin.	Dispose of contents/container in accordance with local/regional/national/international regulations.	0
