inci_name,restriction,functions
(GELIDIUM ELEGANS/LINGULATUM/REX/SESQUIPEDALE)/(GRACILARIA CHILENSIS/EUCHEUMATOIDES/VERMICULOPHYLLA)/PTEROCLADIELLA TENUIS OIIGOSACCHARIDES,,"HUMECTANT, SKIN CONDITIONING"
"1,3-BIS-(2,4-DIAMINOPHENOXY)PROPANE HCL",III/202,HAIR DYEING
"1,3-EPOXY-4-VINYLCYCLOHEXANE",,NOT REPORTED
"1,4-BUTANDIOL/SUCCINIC ACID/ADIPIC ACID/HDI COPOLYMER",,"ABRASIVE, BINDING, FILM FORMING"
"1,4-CYCLOHEXANEDICARBOXYLIC ACID",,NOT REPORTED
"1,6-HEXAMETHYLENE DIISOCYANATE",,NOT REPORTED
1-CYCLOHEXYLETHANOL,,PERFUMING
"2,2'-METHYLENEBIS 4-AMINOPHENOL HCL",,HAIR DYEING
"2,3-EPOXYPROPYL COCODIMONIUM CHLORIDE",,NOT REPORTED
"2,3-EPOXYPROPYL LAURYLDIMONIUM CHLORIDE",,NOT REPORTED
"2,6-BIS(2-HYDROXYETHOXY)-3,5-PYRIDINEDIAMINE HCL",II/1215,HAIR DYEING
2-ACRYLAMIDO-2-METHYLPROPANE SULFONIC ACID,III/33,NOT REPORTED
2-ALLYLOXYETHOXY GLUCOSIDE,,NOT REPORTED
2-CHLORO-5-NITRO-N-HYDROXYETHYL-P-PHENYLENEDIAMINE,II/1318,HAIR DYEING
2-CYCLOHEXYLETHANOL,,PERFUMING
2-ETHYLHEXANOL,,NOT REPORTED
2-HEXENYL ACETATE,,PERFUMING
3-(ACRYLOYLOXY)-2-HYDROXYPROPYL METHACRYLATE,,NOT REPORTED
"3-HYDROXY-2,2-DIMETHYLPROPYL HYDROXYPIVALATE",,NOT REPORTED
3-MERCAPTOPROPYLTRIMETHOXYSILANE,,NOT REPORTED
"3A,4,5,6,7,7A-HEXAHYDRO-4,7-METHANO-1H-INDEN-5(OR 6)-YL ACETATE",,PERFUMING
4-HYDROXYBUTYL ACRYLATE,,BINDING
4-PCA,,NOT REPORTED
4-PROPOXY-2-HYDROXYBENZOPHENONE,,"STABILISING, UV FILTER"
4-T-BUTYL STYRENE,,NOT REPORTED
ABRUS FRUCTICULOSUS ROOT EXTRACT,,SKIN CONDITIONING
ACACIA DECURRENS DEALBATA FLOWER EXTRACT,,PERFUMING
ACACIA DECURRENS/JOJOBA/SUNFLOWER SEED CERA/POLYGLYCERYL-3 ESTERS,,EMOLLIENT
ACANTHOPANAX SESSILIFLORA BARK/ROOT/STEM EXTRACT,,SKIN CONDITIONING
ACANTHOPANAX SESSILIFLORA ROOT EXTRACT,,SKIN CONDITIONING
ACANTHOPANAX SESSILIFLORA STEM EXTRACT,,SKIN CONDITIONING
ACANTHOPANAX SESSILIFLORUS BARK/HONEYSUCKLE FLOWER/(ARCTIUM LAPPA/VITEX TRIFOLIA FRUIT)/(ASTRAGALUS MEMBRANACEUS/RADISH ROOT)/CINNAMOMUM CASSIA/HORDEUM VULGARE EXTRACT,,"ANTI-SEBUM, ANTIOXIDANT, HUMECTANT, SKIN CONDITIONING, SKIN CONDITIONING - EMOLLIENT"
ACER SACCHARUM (SUGAR MAPLE) SAP EXTRACT,,"HUMECTANT, SKIN CONDITIONING"
ACER SACCHARUM (SUGAR MAPLE9) SAP,,"HUMECTANT, SKIN CONDITIONING"
ACETOBACTER FERMENT EXTRACT FILTRATE,,DEODORANT
ACETOBACTER/(ACANTHOPANAX SESSILIFLORUS/AILANTHUS ALTISSIMA/ALBIZIA JULIBRISSIN/BETULA ALBA/BETULA PLATYPHYLLA JAPONICA/EUCOMMIA ULMOIDES/MELIA AZADIRACHTA/MORUS ALBA) BARK/(ADENOPHORA STRICTA/ANGELICA ACUTILOBA/ANGELICA KOREANA/ANGELICA TENUISSIMA/ASTRAGALUS MEMBRANACEUS/ATRACTYLODES MACROCEPHALA/BUPLEURUM CHINENSIS/BUPLEURUM FALCATUM/CNIDIUM OFFICINALE/CYPERUS ROTUNDUS/DIOSCOREA JAPONICA/GASTRODIA ELATA/LEDEBOURIELLA SESELOIDES/OPHIOPOGON JAPONICUS/PAEONIA ALBIFLORA/PAEONIA LACTIFLORA/PANAX GINSENG/PLATYCODON GRANDIFLORUS/PUERARIA LOBATA/REHMANNIA CHINENSIS/REHMANNIA GLUTINOSA/SAPOSHNIKOVIA DIVARICATA/SCROPHULARIA BUERGERIANA/SCUTELLARIA BAICALENSIS/TRICHOSANTHES KIRILOWII/ULMUS DAVIDIANA/VITIS VINIFERA/ZINGIBER OFFICINALE) ROOT/AKEBIA QUINATA STEM/(ARTEMISIA CAPILLARIS/BIOTA ORIENTALIS/MORUS ALBA/PERILLA FRUTESCENS/THUJA ORIENTALIS) LEAF/(CARTHAMUS TINCTORIUS/CHRYSANTHEMUM INDICUM/GARDENIA FLORIDA/LONICERA JAPONICA) FLOWER/(CASSIA OBTUSIFOLIA/CASSIA TORA/COIX LACRYMA-JOBI MA-YUEN/GLYCINE MAX/GLYCINE SOJA) SEED/(CHAENOMELES SINENSIS/CORNUS OFFICINALIS/FORSYTHIA SUSPENSA/GARDENIA JASMINOIDES/LYCIUM CHINENSE/SCHISANDRA CHINENSIS/ZIZYPHUS JUJUBA) FRUIT/MORUS ALBA TWIG/PTEROCARPUS SANTALINUS WOOD/(ATRACTYLODES JAPONICA/CNIDIUM OFFICINALE) RHIZOME/ALISMA ORIENTALE TUBER/GINKGO BILOBA NUT/PORIA COCOS SCLEROTIUM/GANODERMA LUCIDUM/INONTUS OBLIQUUS/TREMELLA FUCIFORMIS/(LEONURUS SIBIRICUS/PUERARIA THUNBERGIANA) FLOWER/LEAF/STEM/BAMBUSA VULGARIS LEAF/STEM/POLYGONATUM MULTIFLORUM RHIZOME/ROOT/RHEUM PALMATUM ROOT/STALK/ACORUS GRAMINEUS ROOT/STEM/ACHYRANTHES JAPONICA/AGASTACHE RUGOSA/ANTHRISCUS SYLVESTRIS/ARALIA CORDATA/CHRYSANTHEMUM SIBIRICUM/CITRUS UNSHIU/CORDYCEPS SINENSIS/DIANTHUS CHINENSIS/DRYOPTERIS CRASSIRHIZOMA/GERANIUM THUNBERGII/HOUTTUYNIA CORDATA/MENTHA ARVENSIS/OROSTACHYS JAPONICA/PHELLINUS LINTEUS/PINUS DENSIFLORA/POLYGONUM AVICULARE/SALICORNIA HERBACEA/SAURURUS CHINENSIS/SCHIZONEPETA TENUIFOLIA/SELAGINELLA TAMARISCINA/SORBUS COMMIXTA/TARAXACUM PLATYCARPUM,,SKIN CONDITIONING - MISCELLANEOUS
ACETOBACTER/ASPERGILLUS/LACTOBACILLUS/LEUCONOSTOC/PEDIOCOCCUS/SACCHAROMYCES/ZYGOSACCHAROMYCES/HORDEUM VULGARE SEED/SOYBEAN SEED/RICE SEED/CANAVALIA GLADIATA SEED/PHASEOLUS ANGULARIS SEED/COIX LACHRYMA-JOBI MA-YUEN SEED/ECHINOCHLOA UTILIS SEED/SETARIA ITALICA SEED/MILLET SEED/CITRUS UNSHIU FRUIT/VITIS LABRUSCA FRUIT/APPLE FRUIT/VITIS COIGNETIAE FRUIT/MUSA SAPIENTUM FRUIT/PEACH FRUIT/DIOSPYROS KAKI FRUIT/PAPAYA FRUIT/PYRUS PYRIFOLIA FRUIT/WATERMELON FRUIT/PRUNUS MUME FRUIT/FIG FRUIT/CHAENOMELES SINENSIS FRUIT/CUCURBITA MAXIMA FRUIT/RUBUS IDAEUS FRUIT/FORTUNELLA CRASSIFOLIA FRUIT/CITRUS JUNOS FRUIT/ERIOBOTRYA JAPONICA FRUIT/APRICOT FRUIT/ZIZYPHUS JUJUBA FRUIT/CASTANEA CRENATA FRUIT/LYCIUM CHINENSE FRUIT/ACTINIDIA POLYGAMA FRUIT/PRUNUS SALICINA FRUIT/AKEBIA QUINATA FRUIT/MOMORDICA GROSVENORII FRUIT/CRATAEGUS CUNEATA FRUIT/CORNUS OFFICINALIS FRUIT/EUPHORIA LONGAN FRUIT/PANAX GINSENG FRUIT/IPOMOEA BATATAS ROOT/HELIANTHUS TUBEROSUS TUBER/CARROT ROOT/ONION BULB/BEET ROOT/COLOCASIA ESCULENTA TUBER/DIOSCOREA JAPONICA RHIZOME/RADISH ROOT/TURNIP ROOT/ARCTIUM LAPPA ROOT/NELUMBO NUCIFERA RHIZOME/POLYMNIA SONCHIFOLIA ROOT/LILIUM AURATUM BULB/SAGITTARIA TRIFOLIA EDULIS TUBER/GINGER RHIZOME/GARLIC BULB/GLYCYRRHIZA GLABRA ROOT/POLYGONATUM ODORATUM RHIZOME/TURMERIC RHIZOME/ACANTHOPANAX GRACILISTYLUS ROOT/CABBAGE LEAF/STEM/PERILLA OCYMOIDES LEAF/MORUS BOMBYCIS LEAF/HEMEROCALLIS FULVA KWANSO FLOWER/HOUTTUYNIA CORDATA/ARTEMISIA PRINCEPS/SASA VEITCHII LEAF/GLECHOMA HEDERACEA/MATRICARIA FLOWER/EQUISETUM ARVENSE/ISODON JAPONICUS/SAFFLOWER FLOWER/PLANTAGO ASIATICA/DANDELION/LAMINARIA JAPONICA LEAF/UNDARIA PINNATIFIDA LEAF/RHODOGLOSSUM PULCHERUM LEAF/NEMACYSTUS DECIPIENS/SESAME SEED/JUGLANS SIEBOLDIANA SEED/GINKGO BILOBA SEED/PINUS KORAIENSIS SEED/CASSIA OBTUSIFOLIA SEED/GRIFOLA FRONDOSA FRUITING BODY/HERICIUM ERINACEUM FRUITING BODY/LENTINUS EDODES FRUITING BODY/AURICULARIA AURICULA FRUITING BODY FERMENT EXTRACT,,SKIN CONDITIONING
ACETOBACTER/BACILLUS/LACTOBACILLUS/SACCHAROMYCES/STREPTOCOCCUS/FRUIT/IMPERATA CYLINDRICA ROOT/SEED/APPLE/BARLEY/BLUEBERRY/CABBAGE/CITRUS UNSHIU/CRANBERRY/CYMBOPOGON SCHOENANTHUS/ERIOCEPHALUS PUNCTULATUS/GRAPE/LETTUCE/MISTLETOE/RASPBERRY/RICE/ROSA CANINA/ROSEMARY/SOYBEAN/SPINACH/STRAWBERRY/THYME/VACCINIUM MYRTILLUS FERMENT FILTRATE,,SKIN CONDITIONING
ACETOBACTER/BACILLUS/LACTOBACILLUS/SACCHAROMYCES/STREPTOCOCCUS/FRUIT/LEAF/IMPERATA CYLINDRICA ROOT/SEED/BROCCOLI/ERIOCEPHALUS PUNCTULATUS/MISTLETOE/ACRYLATES C10-30 ALKYL ACRYLATES CROSSPOLYMER/ALPHA-GLUCAN/BETAINE/BUTYLENE GLYCOL/EPIGALLOCATECHIN GALLATYL GLUCOSIDE/GLYCERETH-26/GLYCERIN/GLUCOSYL CERAMIDE/GLUCOSYL HESPERIDIN/HYDROLYZED HYALURONIC ACID/MALTODEXTRIN/PANTHENOL/SCLEROTIUM GUM/TROMETHAMINE/XANTHAN GUM FERMENT FILTRATE,,SKIN CONDITIONING
ACETOBACTER/LYCIUM CHINENSE FRUIT/REHMANNIA GLUTINOSA ROOT/CUSCUTA CHINENSIS FRUIT/CISTANCHE DESERTICOLA/ZANTHOXYLUM PIPERITUM FRUIT/CHRYSANTHEMUM MORIFOLIUM FRUIT/PORIA COCOS/CINNAMOMUM CASSIA FERMENT,,SKIN CONDITIONING
ACETYL ASPERTIC ACID,,SKIN CONDITIONING
ACETYL CYCLOHEXAPEPTIDE-34,,SKIN CONDITIONING
ACETYL HEXAPEPTIDE-24,,SKIN CONDITIONING
ACETYL HEXAPEPTIDE-24 AMIDE,,SKIN CONDITIONING
ACETYL PENTAPEPTIDE-1,,SKIN CONDITIONING
ACROLEIN,,NOT REPORTED
ACRYLAMIDE,II/681 ,NOT REPORTED
ACRYLAMIDOPROPYLTRIMONIUM CHLORIDE,,NOT REPORTED
ACRYLATES/C26-29 OLEFIN COPOLYMER,,VISCOSITY CONTROLLING
ACRYLATES/ETHYLHEXYLACRYLAMIDE COPOLYMER,,FILM FORMING
ACRYLATES/PEG-10 MALEATE/STYRENE COPOLYMER,,OPACIFYING
ACRYLIC RESIN COATED ALUMINUM POWDER,,COSMETIC COLORANT
ACRYLONITRILE,II/682  - CMR1B,NOT REPORTED
ACRYLOYLOXY PROPYLTRIMETHOXYLANE,,SOLVENT
ACRYLOYLOXYETHYL TRIMONIUM CHLORIDE,,NOT REPORTED
ADIPIC ACID/METHYL DEA CROSSPOLYMER,,"FILM FORMING, HAIR CONDITIONING, SKIN CONDITIONING, VISCOSITY CONTROLLING"
ALBIZIA LEBBEK LEAF,,ANTIMICROBIAL
ALCOHOL DENAT. SD ALCOHOL 23-F,,SOLVENT
ALEURITES MOLUCCANA BARK EXTRACT,,SKIN CONDITIONING
ALEURITES MOLUCCANA ETHYL ESTER,,SKIN CONDITIONING
ALEURITES MOLUCCANA EXTRACT,,"ASTRINGENT, EMOLLIENT"
ALEURITES MOLUCCANA SEED EXTRACT,,SKIN CONDITIONING
ALEURITES MOLUCCANA SEED OIL,,SKIN CONDITIONING
ALEURITES MONTANA LEAF EXTRACT,,"ANTIOXIDANT, SKIN CONDITIONING"
ALISMA PLANTAGO AQUATICA EXTRACT,,SKIN CONDITIONING
ALLETHRINS,,"MASKING, SKIN CONDITIONING"
ALLYL BENZOATE,,NOT REPORTED
ALLYL METHACRYLATE,,NOT REPORTED
ALLYL STEARATE,,NOT REPORTED
ALLYL SUCCINIC ANHYDRIDE,,NOT REPORTED
ALOE YOHJYU MATSU EKISU,,"EMOLLIENT, HUMECTANT, SKIN CONDITIONING"
ALPHA-PINENES,III/130,PERFUMING
ALPHA-TERPINEOL,,PERFUMING
ALPINIA KATSUMADAI FRUIT EXTRACT,,SKIN CONDITIONING
ALSIDUM HELMINTHOCORTON EXTRACT,,SKIN CONDITIONING
ALUMINA MAGNESIUM METASILICATE,,"ABSORBENT, BULKING, VISCOSITY CONTROLLING"
AMBERGRIS TINCTURE,,PERFUMING
AMINO ESTERS-1,,SKIN CONDITIONING
AMINO ESTERS-2,,SKIN CONDITIONING
AMINO ESTERS-3,,SKIN CONDITIONING
AMINOETHOXYMETHYL PYRROLOPYRIMIDONE,,NOT REPORTED
AMINOETHYLETHANOLAMINE,II/1471,NOT REPORTED
AMINOHEXYL GUANINE,,NOT REPORTED
AMINOPENTYL AMINOADENINE,,NOT REPORTED
AMINOPENTYL GUANINE,,NOT REPORTED
AMINOPROPYLTRIISOPROPOXYSILANE,,NOT REPORTED
AMMONIUM ACRYLATE,,NOT REPORTED
AMMONIUM AMPS,,NOT REPORTED
AMMONIUM METHACRYLATE,,NOT REPORTED
AMP-ACRYLATE/C1-18 ALKYL ACRYLATES/C1-8 ALKYL ACRYLAMIDE COPOLYMER,"III/61
","FILM FORMING, HAIR FIXING"
ANGELICA ACUTILOBA ROOT/CITRUS AURANTIUM AMARA FRUIT/COPTIS JAPONICA ROOT/FORSYTHIA VIRIDISSIMA FRUIT/GARDENIA FLORIDA FRUIT/GLYCYRRHIZA GLABRA ROOT/MENTHA ARVENSIS LEAF /PAEONIA LACTIFLORA ROOT/PLATYCODON GRANDIFLORUM ROOT/REHMANNIA GLUTINOSA ROOT/SCUTELLARIA BAICALENSIS ROOT EXTRACT,,"HUMECTANT, SKIN CONDITIONING"
ANGELICA ACUTILOBA ROOT/CITRUS AURANTIUM AMARA FRUIT/COPTIS JAPONICA ROOT/FORSYTHIA VIRIDISSIMA FRUIT/GARDENIA FLORIDA FRUIT/GLYCYRRHIZA GLABRA ROOT/MENTHA ARVENSIS LEAF/PAEONIA LACTIFLORA ROOT/PLATYCODON GRANDIFLORUM ROOT/REHMANNIA GLUTINOSA ROOT/SCUTELLARIA BAICALENSIS ROOT EXTRACT,,"HUMECTANT, SKIN CONDITIONING"
ANILINE,"II/22
CMR2",NOT REPORTED
ANONA CHERIMOLIA FRUIT EXTRACT,,SKIN CONDITIONING
ANONA MURICATA FRUIT,,SKIN CONDITIONING
ANONA SQUAMOSA SEED EXTRACT,,SKIN PROTECTING
ANTHRAQUINONE,II/1603,NOT REPORTED
APHANIZOMENON FLOSAQUAE EXTRACT,,"HUMECTANT, SKIN CONDITIONING - MISCELLANEOUS"
APHANIZOMENON FLOSAQUAE POWDER,,"SKIN CONDITIONING, SKIN CONDITIONING - EMOLLIENT, SURFACTANT - CLEANSING, SURFACTANT - FOAM BOOSTING"
APIUM GRAVEOLENS (CELERY) CALLUS EXTRACT,,"ANTIOXIDANT, SKIN PROTECTING"
ARACHIS HYPOGAEA  (PEANUT) SPROUT EXTRACT,,"HUMECTANT, SKIN PROTECTING"
ARTEMISIA CARVIFOLIA EXTRACT,,SKIN CONDITIONING
ARTEMISIA CARVIFOLIA POWDER,,"ABRASIVE, HUMECTANT, MASKING, SKIN CONDITIONING, SKIN PROTECTING"
ARUNIKA EKISU,,SKIN CONDITIONING
ASARUM SIEBOLDI RHIZOME/ROOT EXTRACT,,SKIN CONDITIONING
ASARUM SIEBOLDI ROOT EXTRACT,,SKIN CONDITIONING
ASARUM SIEBOLDI ROOT WATER,,"FLAVOURING, MASKING, PERFUMING"
ASPERGILLUS/BIFIDOBACTERIUM/LACTOBACILLUS/SACCHAROMYCES/STREPTOCOCCUS /RHIZOME/(ARCTIUM LAPPA/CARROT/DANDELION/ELEUTHERO/EURYCOMA LONGIFOLIA/LEPIDIUM MEYENII/LICORICE/PANAX GINSENG/PANAX NOTOGINSENG/PLATYCODON GRANDIFLORUM/SALACIA RETICULATA ROOT)/(PANAX GINSENG/GINGER/POLYGONATUM ODORATUM ROOT/STEM)/(CASSIA OBTUSIFOLIA/JOB'S TEARS SEED)/(COMMELINA COMMUNIS/CORCHORUS OLITORIUS SPROUT)/SAMBUCUS SIEBOLDIANA STEM/GLOIOPELTIS TENAX/LAMINARIA JAPONICA/ARTEMISIA PRINCEPS/CASSIA OBTUSIFOLIA/EQUISETUM ARVENSE/GLECHOMA HEDERACEA/GYNOSTEMMA PENTAPHYLLUM/HYPERICUM ERECTUM/ISODON JAPONICUS/NANDINA DOMESTICA/PLANTAGO ASIATICA/VIGNA RADIATA EXTRACT FERMENT FILTRATE,,HUMECTANT
ASPERGILLUS/CAMELLIA SINENSIS LEAF FERMENT FILTRATE,,"ANTIOXIDANT, HUMECTANT, SKIN CONDITIONING"
ASPERGILLUS/FERMENT FILTRATE,,NOT REPORTED
ASPERGILLUS/LACTOBACILLUS/SACCHAROMYCES/(SOYBEAN/EVENING PRIMROSE/RADISH/BROCCOLI/CAULIFLOWER/RICE/HORDEUM VULGARE/COIX LACRYMA-JOBI/ACHILLEA MILLEFOLIUM/SESAME/SAGE/THYME/HYPERICUM PERFORATUM/TRIFOLIUM PRATENSE/MEDICAGO SATIVA/TRIGONELLA FOENUM-GRAECUM)SPROUT FERMENT FILTRATE EXTRACT,,SKIN CONDITIONING
"ASPERGILLUS/LACTOBACILLUS/SACCHAROMYCES/(SOYBEAN/OENOTHERA GLAZIOVIANA/RADISH/BROCCOLI/CAULIFLOWER/RICE/HORDEUM VULGARE/COIX LACRYMA-JOBI/ACHILLEA MILLEFOLIUM/SESAME/SAGE/THYME/HYPERICUM PERFORATUM/TRIFOLIUM PRATENSE (CLOVER)/MEDICAGO SATIVA/TRIGONELLA FOENUM-GRAECUM) SPROUT FERMENT FILTRATE EXTRACT IS THE EXTRACT OF A FILTRATE OF THE PRODUCT OBTAINED BY THE FERMENTATION OF THE SPROUTS OF GLYCINE MAX (SOYBEAN), OENOTHERA GLAZIOVIANA , RAPHANUS SATIVUS VAR. SATIVUS (RADISH), BRASSICA OLERACEA ITALICA (BROCCOLI), BRASSICA OLERACEA BOTYRIS (CAULIFLOWER), ORYZA SATIVA (RICE), HORDEUM VULGARE, COIX LACRYMA-JOBI, ACHILLEA MILLEFOLIUM, SESAMUM INDICUM (SESAME), SALVIA OFFICINALIS (SAGE), THYMUS VULGARIS (THYME), HYPERICUM PERFORATUM, TRIFOLIUM PRATENSE (CLOVER), MEDICAGO SATIVA, AND TRIGONELLA FOENUM-GRAECUM BY THE MICROORGANSIMS, ASPERGILLUS, LACTOBACILLUS , AND SACCHAROMYCES.",,SKIN CONDITIONING - MISCELLANEOUS
ASPERGILLUS/LACTOBACILLUS/SACCHAROMYCES/(SOYBEAN/OENOTHERA GLAZIOVIANA/RADISH/BROCCOLI/CAULIFLOWER/RICE/HORDEUM VULGARE/COIX LACRYMA-JOBI/ACHILLEA MILLEFOLIUM/SESAME/SAGE/THYME/HYPERICUM PERFORATUM/TRIFOLIUM PRATENSE/MEDICAGO SATIVA/TRIGONELLA FOENUM-GRAECUM) SPROUT FERMENT FILTRATE EXTRACT,,SKIN CONDITIONING
ASPERGILLUS/THYME/ROOT/LYSIMACHIA FOENUM-GRAECUM/PORIA COCOS/ATRACTYLOIDES JAPONICA RHIZOME/ MAGNOLIA LILIFLORA BUD/ VITEX TRIFOLIA FRUIT/BAMBUSA VULGARIS LEAF/STEM FERMENT FILTRATE,,ANTIMICROBIAL
ATRACTYLOIDES CHINENSIS RHIZOME EXTRACT,,ASTRINGENT
ATRACTYLOIDES JAPONICA EXTRACT,,SKIN CONDITIONING
ATRACTYLOIDES JAPONICA RHIZOME EXTRACT,,SKIN CONDITIONING
ATRACTYLOIDES JAPONICA ROOT EXTRACT,,SKIN CONDITIONING
ATRACTYLOIDES JAPONICA ROOT OIL,,BLEACHING
ATRACTYLOIDES LANCEA ROOT EXTRACT,,SKIN CONDITIONING
ATRACTYLOIDES MACROCEPHALA RHIZOME EXTRACT,,SKIN CONDITIONING
ATRACTYLOIDES MACROCEPHALA ROOT EXTRACT,,SKIN CONDITIONING
ATRACTYLOIDES MACROCEPHALA ROOT POWDER,,"HUMECTANT, SKIN CONDITIONING"
ATRACTYLOIDES MACROCEPHALA ROOT/STALK POWDER,,"ABRASIVE, MASKING, SKIN PROTECTING"
AUREOBASIDIUM PULLULANS/SCHIZANDRA CHINENSIS FRUIT/POLYGONATUM SIBIRICUM RHIZOME ROOT EXTRACT FERMENT FILTRATE,,"EMOLLIENT, SKIN CONDITIONING"
AUREOBASIDIUM PULLULANS/SCHIZANDRA CHINENSIS FRUIT/POLYGONATUM SIBIRICUM RHIZOME/ROOT EXTRACT FERMENT FILTRATE,,"EMOLLIENT, SKIN CONDITIONING"
AVENA SATIVA (OAT) MERISTEM CELL EXTRACT,,"HUMECTANT, SKIN CONDITIONING"
AVENA SATIVA (OAT) SPROUT OIL,,SKIN CONDITIONING
AZIRIDINE,CMR1B,NOT REPORTED
AZOBISISOBUTYRONITRILE,,NOT REPORTED
BACILLUS/ARTEMISIA VULGARIS EXTRACT/FERMENT FILTRATE,,SKIN CONDITIONING
BACILLUS/CINNAMOMUM CASSIA BARK/MOMORDICA CHARANTIA/OPUNTIA HUMIFUSA FRUIT/ALOE VERA/ARTEMISIA VULGARIS/CAMELLIA SINENSIS/NELUMBO NUCIFERA LEAF/PUERARIA THUNBERGIANA ROOT FERMENT FILTRATE,,"ANTIOXIDANT, SKIN PROTECTING"
BACILLUS/DENDROPANAX MORBIFERUS SAP EXTRACT/SOYBEAN FERMENT FILTRATE,,"EMULSION STABILISING, HAIR CONDITIONING, HUMECTANT, SKIN CONDITIONING, SKIN PROTECTING"
BACILLUS/FLAVOBACTERIUM MULTIVORUM/EXTRACT/SODIUM CARBONATE FERMENT FILTRATE,,HUMECTANT
BACILLUS/LACTOBACILLUS/RHODOPSEUDOMONAS/SACCHAROMYCES/ROOT/SESAMA SEED/LEAF/LAVANDULA ANGUSTIFOLIA FLOWER/GLYCYRRHIZA URALENSIS EXTRACT FERMENT FILTRATE,,"HUMECTANT, SKIN CONDITIONING, SKIN PROTECTING"
BACILLUS/PRUNUS YEDOENSIS LEAF EXTRACT FERMENT FILTRATE,,"HUMECTANT, SKIN CONDITIONING, SKIN PROTECTING"
BACILLUS/RICE LEES FERMENT FILTRATE,,SKIN CONDITIONING
BACILLUS/ZINZANIA LATIOLIA LEAF FERMENT EXTRACT,,"HUMECTANT, SKIN CONDITIONING"
BACOPA MONNIERA EXTRACT,,SKIN CONDITIONING
BACOPA MONNIERA LEAF EXTRACT,,SKIN CONDITIONING
BACOPA MONNIERA LEAF POWDER,,SKIN CONDITIONING
BAKUMONDOU EKISU,,SKIN CONDITIONING
BARK/CAMELLIA JAPONICA LEAF/ZINGIBER OFFICINALE ROOT/CITRUS PARADISI SEED WATER,,"ANTIOXIDANT, ANTISEBORRHOEIC, SKIN CONDITIONING"
BEHENETH-25 METHACRYLATE,,NOT REPORTED
BEHENYL ACRYLATE,,NOT REPORTED
BEHENYL/OCTYLDODECYL PROPANEDIOL CITRATE CROSSPOLYMER,,SKIN CONDITIONING
BENZOIN,,PERFUMING
BETA VULGARIS,IV/148,COSMETIC COLORANT
BETA VULGARIS (BEET) SPROUT EXTRACT,,SKIN CONDITIONING
BIFIDA/ANGELICA GIGAS/ANGELICA TENUISSIMA ROOT/ANTLER VELVET/REHMANNIA GLUTINOSA ROOT/ATRACTYLOIDES JAPONICA RHIZOME/CNIDIUM OFFICINALE ROOT/CORDYCEPS SINENSIS/LEDEBOURIELLA SESELOIDES ROOT/LICORICE ROOT/PAEONIA LACTIFLORA ROOT/PANAX GINSENG ROOT/PHELLINUS LINTEUS/SCUTELLARIA BAICALENSIS ROOT FERMENT EXTRACT,,"SKIN CONDITIONING, SKIN PROTECTING"
BIS(1-METHYLHEPTYL) MALEATE,,"HAIR CONDITIONING, PLASTICISER, SKIN CONDITIONING - EMOLLIENT, SOLVENT"
BIS(AMINOMETHYL)NORBORNANE,,NOT REPORTED
BIS(GLYCIDOXYPHENYL)PROPANE/BISAMINOMETHYLNORBORNANE COPOLYMER,,FILM FORMING
BIS(HEXAMETHYLENE)TRIAMINE,,NOT REPORTED
BIS(METHACRYLOYLOXYETHYL) PHOSPHATE,,NAIL CONDITIONING
BIS(PENTAERYTHRITYL TRIACRYLATE) PENTAERYTHRITYL DIACRYLATE/IPDI COPOLYMER,,FILM FORMING
BIS(PPG-7 UNDECENETH-21) DIMETHICONE,,"HAIR CONDITIONING, SKIN CONDITIONING, SKIN CONDITIONING - EMOLLIENT, SURFACTANT - CLEANSING, SURFACTANT - EMULSIFYING"
BIS(T-BUTYL BENZOXAZOLYL) THIOPHENE,,SKIN CONDITIONING
BIS(TRIOCTYLDODECYL CITRYL) DILINOLEATE,,"SKIN CONDITIONING, SKIN CONDITIONING - EMOLLIENT"
BIS-(TETRAMETHYL HYDROXYPIPERDINYL) SEBACATE,,"ANTIOXIDANT, HUMECTANT"
BIS-ADAMANTANYL PEG-800 DICARBOXAMIDE,,"FILM FORMING, HUMECTANT, SKIN CONDITIONING, SKIN PROTECTING, VISCOSITY CONTROLLING"
BIS-CETEARAMIDOETHYLDIETHONIUM SUCCINOYL HYDROLYZED KERATIN,,HAIR CONDITIONING
BIS-CETEARAMIDOETHYLDIETHONIUM SUCCINOYL HYDROLYZED SOY PROTEIN,,HAIR CONDITIONING
BIS-DIMETHICONE,,"SKIN CONDITIONING, SKIN CONDITIONING - EMOLLIENT"
BIS-DIMONIUM METHOSULFATE,,"EMULSION STABILISING, HAIR CONDITIONING"
BIS-ETHYL PPG- BEHENATE DIMONIUM METHOSULFATE,,"EMULSION STABILISING, HAIR CONDITIONING"
BIS-GLYCERYL LAURYL DIMETHICONE,,"EMULSION STABILISING, SURFACTANT"
BIS-HYDROGEN METHICONE,,NOT REPORTED
BIS-IPDI,,NAIL CONDITIONING
BIS-METHANE,,UV FILTER
BIS-METHOXY PEG-15 POLY,,"BINDING, HAIR CONDITIONING, SKIN CONDITIONING"
BIS-METHOXY PEG-15 POLY(TETRAMETHYLXYLENE DIISOCYANATE),,"BINDING, HAIR CONDITIONING, SKIN CONDITIONING"
BIS-OCTYLDODECYL/STEARYL HYDROGENATED DIMER DILINOLEIC ACID/PROPANEDIOL COPOLYMER,,"SKIN CONDITIONING, SKIN CONDITIONING - EMOLLIENT"
BIS-PALMITOYL,,"EMOLLIENT, HUMECTANT, SKIN CONDITIONING, SKIN PROTECTING"
BIS-PEG-2/PPG-3/IPDI COPOLYMER,,"FILM FORMING, NAIL CONDITIONING"
BIS-PEG-3 POLYGLYCERYL-3 ETHER,,SURFACTANT - EMULSIFYING
"BIS-POLY(1,4-BUTANEDIOL)-14/HDI COPOLYMER",,BINDING
"BIS-POLY(1,4-BUTANEDIOL)-9/TMDI/IPDI COPOLYMER",,BINDING
BIS-VINYLDIMETHICONE/LAURYL DIMETHICONE CROSSPOLYMER,,SKIN CONDITIONING - MISCELLANEOUS
BISMALEATE,,"HAIR CONDITIONING, PLASTICISER, SKIN CONDITIONING - EMOLLIENT, SOLVENT"
BISPHENOL A BIS-ETHER,,NOT REPORTED
BLUE 1 LAKE,IV/63,"COSMETIC COLORANT, HAIR DYEING"
BORAGO OFFICINALIS/LAVANDULA ANGUSTIFOLIA/(CENTAUREA CYANUS/CHAMOMILLA RECUTITA) FLOWER/CHAMOMILLA RECUTITA LEAF WATER,,"ANTIOXIDANT, ANTISEBORRHOEIC, SKIN CONDITIONING, SKIN PROTECTING"
BORAGO OFFICINALIS/LAVANDULA ANGUSTIFOLIA/FLOWER/CHAMOMILLA RECUTITA LEAF WATER,,"ANTIOXIDANT, ANTISEBORRHOEIC, SKIN CONDITIONING, SKIN PROTECTING"
BOVINE DERMAL FIBROBLAST CONDITIONED MEDIA,,"HUMECTANT, SKIN CONDITIONING"
BRASSICA CAMPESTRIS/ALEURITES FORDII OIL COPOLYMER,,"FILM FORMING, SKIN CONDITIONING"
BRILLIANT BLACK 1,IV/53,HAIR DYEING
BROUSSONETIA KAZINOKI CALLUS EXTRACT,,SKIN CONDITIONING
BUTADIENE,"CMR
Muta. 1B
Carc. 1A",NOT REPORTED
BUTENE,,NOT REPORTED
BUTENEDIOL,,NOT REPORTED
BUTYL 2-METHYLBUTYRATE,,PERFUMING
BUTYL HIDROXYBUTYRATE,,SOLVENT
BUTYL MALEATE,,NOT REPORTED
C1-18 ALKYL ACRYLATE,,NOT REPORTED
C1-2 ALKYL SUCCINATE,,NOT REPORTED
C1-8 ALKYL ACRYLAMIDE,,NOT REPORTED
C1-8 ALKYL ACRYLATE,,NOT REPORTED
C10-16 OLEFIN,,NOT REPORTED
C10-30 ALKYL ACRYLATE,,NOT REPORTED
C10-30 ALKYL METHACRYLATE,,NOT REPORTED
C11-14 ALKYL ACETATE,,PERFUMING
C12-22 ALKYL METHACRYLATE,,NOT REPORTED
C13-C15 ALKANE,,SOLVENT
C16-C23 ALKANE,,"EMOLLIENT, SKIN CONDITIONING"
C18-22 ALKYL PEG-25 METHACRYLATE,,NOT REPORTED
C18-C21 ALKANE,,SOLVENT
C20 OLEFIN,,NOT REPORTED
C21-C28 ALKANE,,"EMOLLIENT, SKIN CONDITIONING"
C25-62 ISOPARAFFIN,,"EMOLLIENT, SKIN CONDITIONING"
C26-28 OLEFIN,,NOT REPORTED
C28-52 OLEFIN,,NOT REPORTED
C3-11 ALKYL ACRYLATE,,NOT REPORTED
C30-38 OLEFIN,,NOT REPORTED
C4-12 OLEFIN,,NOT REPORTED
C4-14 PERFLUOROALKYLETHOXY DIMETHICONE,,SKIN CONDITIONING
C4-6 OLEFIN,,NOT REPORTED
C4-8 ALKYL ACRYLATE,,NOT REPORTED
C5-6 OLEFIN,,NOT REPORTED
C5-8 ALKYL ACRYLATE,,NOT REPORTED
C6-14 PERFLUOROALKYLETHYL ACRYLATE,,NOT REPORTED
C8-22 ALKYL ACRYLATE,,NOT REPORTED
CAFFEOYL DECAPEPTIDE-17,,SKIN CONDITIONING
CALCIUM ACRYLATE,,NOT REPORTED
CALLITRIS INTROTROPICA WOOD OIL,,"MASKING, TONIC"
CALOPHYLLUM TACAMAHACA FRUIT OIL,,SKIN CONDITIONING - EMOLLIENT
CAMELIA SINENSIS CALLUS CULTURE LYSATE,,"ANTIOXIDANT, SKIN CONDITIONING, SKIN PROTECTING"
CAMILLIA SINENSIS CALLUS CULTURE LYSATE,,"ANTIOXIDANT, SKIN CONDITIONING, SKIN PROTECTING"
CANDIDA TSUKUBAENSIS/ OLIVE FRUIT OIL/ SEED OIL/ PHASEOLUS RADIATUS SEED EXTRACT FERMENT EXTRACT,,"HAIR CONDITIONING, SKIN CONDITIONING"
CANDIDA TSUKUBAENSIS/ARGANIA SPINOSA KERNEL OI/OLIVE OLIL/(ADANSONIA DIGITATA/CAMELIA SINENSIS/ORBIGNYA OLEIFERA/CALOPHYLLUM INOPHYLLUM) SEED OIL/ PHASEOLUS RADIATUS SEED EXTRACT FERMENT FILTRATE,,"EMULSION STABILISING, HAIR CONDITIONING, SKIN CONDITIONING, SKIN PROTECTING"
CAPE ALOE,,SKIN CONDITIONING
CAPE ALOE EKISU,,SKIN CONDITIONING
CAPROLACTAM,,NOT REPORTED
CAPRYL 2-GLYCERYL ASCORBATE,,"ANTIOXIDANT, HUMECTANT"
CAPRYL 3-GLYCERYL ASCORBATE,,"ANTIOXIDANT, HUMECTANT"
CAPRYLIC/CAPRIC GLYCERIDES POLYGLYCERIN-10 ESTERS,,"EMOLLIENT, EMULSIFYING, SKIN CONDITIONING, SURFACTANT"
CAPRYLOYL GLYCERIN,,NOT REPORTED
CAPRYLOYL LEUCINE,,NOT REPORTED
CARBONIC ACID,,NOT REPORTED
CARPINUS TURCZANINOVII EXTRACT,,"HUMECTANT, SKIN CONDITIONING, SKIN PROTECTING"
CARTHAMUS TINCTORIUS FLOWER/VITIS VINIFERA FRUIT/(CAMELIA SINENSIS/DIOSPYROS KAKI/ZANTHOXYLUM SCHINIFOLIUM) LEAF/POLYGONUM CUSPIDATUM ROOT/CASTANEA CRENATA SHELL/COFFEA ARABICA SEED WATER,,"ANTI-SEBUM, ANTIMICROBIAL, ANTIOXIDANT, SKIN CONDITIONING, SKIN PROTECTING"
CARTHAMUS TINCTORIUS FLOWER/VITIS VINIFERA FRUIT/LEAF/POLYGONUM CUSPIDATUM ROOT/CASTANEA CRENATA SHELL/COFFEA ARABICA SEED WATER,,"ANTIOXIDANT, ANTISEBORRHOEIC, SKIN CONDITIONING, SKIN PROTECTING"
CAULERPA OKAMURAI EXTRACT,,
CAULERPA RACEMOSA FRUIT EXTRACT,,"HUMECTANT, SKIN CONDITIONING"
CECROPIA OBTUSIFOLIA BARK EXTRACT,,SKIN CONDITIONING
CELASTRUS PANICULATA LEAF/FLOWER/SEED EXTRACT,,SKIN CONDITIONING
CELASTRUS PANICULATA SEED EXTRACT,,SKIN CONDITIONING
CENTELLA ASIATICA/CHAMOMILLA RECUTITA (MATRICARIA) FLOWER/(CAMELLIA SINENSIS/ROSMARINUS OFFICINALIS /ZEA MAYS LEAF)/(GLYCYRRHIZA GLABRA/POLYGONUM CUSPIDATUM/SCUTELLARIA BAICALENSIS ROOT) EXTRACT,,SKIN PROTECTING
CEPHALINS,,SKIN CONDITIONING
CEREUS GRANDIFLORUS (CACTUS) SEED POWDER,,"ABSORBENT, ANTIOXIDANT, SKIN CONDITIONING, SKIN PROTECTING"
CETEARETH-20 METHACRYLATE,,NOT REPORTED
CETEARETH-25 METHACRYLATE,,NOT REPORTED
CETETH-20 ITACONATE,,NOT REPORTED
CETETH-20 METHACRYLATE,,NOT REPORTED
CHAMOMILE RECUTITA FLOWER/JASMINUM OFFICINALE FLOWER EXTRACT,,SKIN CONDITIONING
CHINPI,,SKIN CONDITIONING
CHINPI EKISU,,SKIN CONDITIONING
CHLORELLA VULGARIS LYSATE FILTRATE,,SKIN CONDITIONING - MISCELLANEOUS
CHONDRACANTHUS TEEDII POWDER,,SKIN CONDITIONING
CHOUJI YU,,"MASKING, SKIN CONDITIONING"
CHROMIUM HYDROXIDE GREEN,IV/130,HAIR DYEING
CHROMIUM OXIDE GREENS,IV/129,HAIR DYEING
CHRYSANTHEMUM ZAWADDSKII WATER,,SKIN CONDITIONING
CIMICIFUGA DAHURICA ROOT/FORSYTHIA VIRDISSIMA FRUIT/GLYCYRRHIZA GLABRA ROOT/PAEONIA LACTIFLORA ROOT/PLATYCODON GRANDIFLORUM ROOT/PUERARIA LOBATA ROOT EXTRACT,,"HUMECTANT, SKIN CONDITIONING"
CINNAMOMUM CAMPHORA (CAMPHOR) BARK EXTRACT,,SKIN CONDITIONING
CINNAMOMUM LOUREIRII BARK EXTRACT,,SKIN CONDITIONING
CINNAMYL BENZOATE,,PERFUMING
CINNAMYL BUTYRATE,,PERFUMING
CIS-2-TERT-BUTYLCYCLOHEXYL ACETATE,,PERFUMING
CIS-6-NONENOL,,PERFUMING
CITRACONIC ANHYDRIDE,,NOT REPORTED
CITRUS AURANTIUM AMARA (BITTER ORANGE) PEEL OIL,,SKIN CONDITIONING
CITRUS AURANTIUM DULCIS (ORANGE) CALLUS CULTURE EXTRACT,,SKIN CONDITIONING
CITRUS AURANTIUM DULCIS (ORANGE) PEEL OIL,,"ASTRINGENT, MASKING, SKIN CONDITIONING, TONIC"
CITRUS AUSTRALIS FRUIT EXTRACT,,SKIN CONDITIONING
CITRUS GRANDIS (GRAPEFRUIT) EXTRACT,,SKIN CONDITIONING
CITRUS HYSTRIX PEEL OIL EXPRESSED,,PERFUMING
CITRUS MEDICA SARCODACTYLUS CALLUS EXTRACT,,"ANTIOXIDANT, SKIN PROTECTING"
CITRUS RETICULATA FRUIT WATTER,,MASKING
CITRUS SINENSIS (ORANGE) FRUIT EXTRACT,,"ANTIOXIDANT, SKIN CONDITIONING"
CITRUS/UNSHIU/AURANTIUM/RETICULATA PEEL OIL,,"SKIN CONDITIONING, SKIN CONDITIONING - EMOLLIENT"
COBROTOXIN,,SKIN CONDITIONING
COCAMINOPROPYLAMINE,,NOT REPORTED
COCODIMONIUM HYDROXYPROPOYLHYDROLYZED KERATIN,,"ANTISTATIC, HAIR CONDITIONING, SKIN CONDITIONING"
COCOS NUCIFERA (COCONUT) LIQUID ENDOSPERM,,"FRAGRANCE, SKIN CONDITIONING - MISCELLANEOUS"
COFFEA ARABICA (COFFEE) FRUIT POWDER,,"ANTIOXIDANT, FLAVOURING, SKIN CONDITIONING"
COGNAC OIL GREEN,,PERFUMING
COIX LACRYMA-JOBI SEED,,SKIN CONDITIONING
COIX LACRYMA-JOBI SEED EXTRACT,,SKIN CONDITIONING
COMMIPHORA ABYSSINICA GUM EXTRACT,,PERFUMING
COMMIPHORA MYRRHA GUM EXTRACT,,PERFUMING
COPERNICIA CERIFERA (CARNAUBA) WAX,,DEPILATORY
COPPER AMINOACETYLAMINOIMIDAZOLYL PROPANOATE,,SKIN CONDITIONING
COPRINUS COMATUS (MUSHROOM) EXTRACT,,ANTIOXIDANT
COPRINUS COMATUS (MUSHROOM) POWDER,,ANTIOXIDANT
CORYLUS ROSTRATA (HAZELNUT) TWIG EXTRACT,,"ANTIOXIDANT, SKIN CONDITIONING"
CRATAEVA NURVALA BARK/ROOT/STEM EXTRACT,,SKIN CONDITIONING
CRESYL ALCOHOL,,PERFUMING
CUCUMIS MELO (MELON) PHYTOPLACENTA EXTRACT,,SKIN CONDITIONING
CUCUMIS SATIVUS (CUCUMBER) CALLUS EXTRACT,,"ANTIOXIDANT, SKIN PROTECTING"
CUCUMIS SATIVUS (CUCUMBER) PHTYOPLACENTA CULTURE EXTRACT,,"HUMECTANT, SKIN CONDITIONING, SKIN PROTECTING"
CUCURBITA PEPO (PUMPKIN),,NOT REPORTED
CUNILA GALIODES FLOWER/LEAF OIL,,MASKING
CURCUBITURILS,,"ABSORBENT, CHELATING, EMULSION STABILISING, FILM FORMING"
CURCUMA LONGA (TURMERIC) CALLUS CULTURE CONDITIONED MEDIA,,"ANTIOXIDANT, SKIN CONDITIONING, SKIN PROTECTING"
CUTIBACTERIUM AVIDUM/GRANULOSUM FERMENT EXTRACT FILTRATE,,"SKIN CONDITIONING, SKIN CONDITIONING - EMOLLIENT"
CYCLAMEN HOMOALDEHYDE,II/425,FRAGRANCE
CYCLOHEXANE DIMETHANOL,,NOT REPORTED
CYCLOHEXYL METHACRYLATE,,FILM FORMING
CYCLOHEXYLDIMETHANOL,,NOT REPORTED
CYCLOTRISILOXANE,,"HAIR CONDITIONING, SKIN CONDITIONING, SKIN CONDITIONING - EMOLLIENT, SOLVENT"
CYMBOPOGON CITRATUS LEAF/STEM/VETIVERIA ZIZANOIDES ROOT WATER,,SKIN CONDITIONING - MISCELLANEOUS
CYNANCHI RADIX EXTRACT,,"HUMECTANT, SKIN CONDITIONING, SKIN PROTECTING"
CYNARA SCOLYMUS (ARTICHOKE) BUD EXTRACT,,SKIN CONDITIONING
CYNARA SCOLYMUS (ARTICHOKE) LEAF/ROOT POWDER,,"BLEACHING, HUMECTANT, SKIN CONDITIONING"
CYSTOSEIRA AMENTACEA/CAESPITOSA BRANCHYCARPA EXTRACT,,SKIN CONDITIONING
"D,L-LIMONENE",III/168,PERFUMING
"D,L-MENTHOL",,PERFUMING
D-ALPHA-PINENE,III/130,PERFUMING
D-CAMPHOR,,PERFUMING
D-CARVONE,,PERFUMING
D-HEPTAPEPTIDE-1,,SKIN CONDITIONING
D-LIMONENE,III/88,"MASKING, PERFUMING"
D-MENTHOL,,PERFUMING
D-NONAPEPTIDE-1,,SKIN CONDITIONING
D-NONAPEPTIDE-2,,SKIN CONDITIONING
DECAHYDRO-ISOPROPYL-DIMETHYL-PHENANTHRENE-1-METHANOL ACETATE,,PERFUMING
DECAPEPTIDE-21,,SKIN CONDITIONING
DECAPEPTIDE-26,,SKIN CONDITIONING
DECAPEPTIDE-27,,SKIN CONDITIONING
DECAPEPTIDE-3,,SKIN CONDITIONING
DECAPEPTIDE-30,,SKIN CONDITIONING
DECAPEPTIDE-41,,SKIN CONDITIONING
DECAPEPTIDE-47,,NOT REPORTED
DECAPEPTIDE-57 AMIDE,,NOT REPORTED
DECHLORO DIHYDROXY DIFLUORO ETHYLCLOPROSTENOLAMIDE,,NAIL CONDITIONING
DELTA-VALEROLACTONE,,NOT REPORTED
DENDROPANAX MORBIFERA ADVENTITIOUS ROOT EXTRACT,,"ANTIMICROBIAL, ANTIOXIDANT, HAIR CONDITIONING, SKIN PROTECTING"
DENDROPANAX MORBIFERA PHYTOPLACENTA EXTRACT,,"ANTIMICROBIAL, ANTIOXIDANT, HAIR CONDITIONING, HUMECTANT, SKIN PROTECTING"
DENDROPANAX MORBIFERA STEM SAP,,"ANTIMICROBIAL, ANTISEBORRHOEIC, HAIR CONDITIONING, SKIN CONDITIONING"
DIALLYLDIMETHYL AMMONIUM CHLORIDE,,NOT REPORTED
DICHLOROMETHANE,II/1389,"PERFUMING, SOLVENT"
DICTAMNUS DESYCARPUS ROOT EXTRACT,,SKIN CONDITIONING
DICYTOPHORA INDUSIATA FRUITING BODY EXTRACT,,"ANTIMICROBIAL, HUMECTANT, SKIN CONDITIONING"
DIETHYL CARBONATE,,NOT REPORTED
DIETHYLENETRIAMINE,,NOT REPORTED
DIHYDROXYALUMINUM AMINOACETATE,,VISCOSITY CONTROLLING
DIHYDROXYPROPYL PG-GLUCOSIDE,,"HUMECTANT, SKIN CONDITIONING"
DIISOBUTYLENE,,NOT REPORTED
DILINOLEYL ALCOHOL,,NOT REPORTED
DIMER AMIDE,,ANTIMICROBIAL
DIMETHICONE METHACRYLATE,,NOT REPORTED
DIMETHICONE/METHICONE COPOLYMER,,ANTICAKING
DIMETHYL MALONATE,,PERFUMING
DIMETHYLAMINOPROPYL METHACRYLAMIDE,III/62,NOT REPORTED
DIMETHYLAMINOPROPYLACRYLAMIDE,,NOT REPORTED
DIMETHYLAMINOPROPYLAMIDO PCA DIMETHICONE,,"HAIR CONDITIONING, SKIN CONDITIONING"
DIMETHYLAMINOPROPYLAMINE,III/62,NOT REPORTED
DIMETHYLBUTANONE RETINOATE,,SKIN CONDITIONING
DIMETHYLIONONE,,PERFUMING
DIMETHYLOLBUTYRIC ACID,,NOT REPORTED
DIMETHYLOLPROPIONIC ACID,,NOT REPORTED
DIOLEYL PHOSPHATIDYLETHANOLAMINE,,NOT REPORTED
DIPEPTIDE-1,,"HAIR CONDITIONING, SKIN CONDITIONING"
DIPEPTIDE-10,,SKIN CONDITIONING
DIPEPTIDE-12,,SKIN CONDITIONING
DIPEPTIDE-13,,SKIN CONDITIONING
DIPEPTIDE-16,,SKIN CONDITIONING
DIPEPTIDE-17,,SKIN CONDITIONING
DIPEPTIDE-18,,SKIN CONDITIONING
DIPEPTIDE-19,,SKIN CONDITIONING
DIPEPTIDE-20,,SKIN CONDITIONING
DIPEPTIDE-22,,SKIN CONDITIONING
DIPEPTIDE-23,,SKIN CONDITIONING
DIPEPTIDE-24,,SKIN CONDITIONING
DIPEPTIDE-25,,SKIN CONDITIONING
DIPEPTIDE-26,,SKIN CONDITIONING
DIPEPTIDE-27,,SKIN CONDITIONING
DIPEPTIDE-28,,SKIN CONDITIONING
DIPEPTIDE-29,,SKIN CONDITIONING
DIPEPTIDE-3,,SKIN CONDITIONING
DIPEPTIDE-30,,SKIN CONDITIONING
DIPEPTIDE-31,,SKIN CONDITIONING
DIPEPTIDE-32,,SKIN CONDITIONING
DIPEPTIDE-34,,SKIN CONDITIONING
DIPEPTIDE-35,,SKIN CONDITIONING
DIPEPTIDE-38,,SKIN CONDITIONING
DIPEPTIDE-39,,SKIN CONDITIONING
DIPEPTIDE-40,,SKIN CONDITIONING
DIPEPTIDE-41,,NOT REPORTED
DIPEPTIDE-42,,NOT REPORTED
DIPEPTIDE-44,,NOT REPORTED
DIPEPTIDE-46,,NOT REPORTED
DIPEPTIDE-47,,NOT REPORTED
DIPEPTIDE-48,,NOT REPORTED
DIPEPTIDE-49,,NOT REPORTED
DIPEPTIDE-5,,SKIN CONDITIONING
DIPEPTIDE-50,,NOT REPORTED
DIPEPTIDE-51,,NOT REPORTED
DIPEPTIDE-52,,NOT REPORTED
DIPEPTIDE-53,,NOT REPORTED
DIPEPTIDE-54,,NOT REPORTED
DIPEPTIDE-55,,NOT REPORTED
DIPEPTIDE-56 AMIDE,,NOT REPORTED
DIPEPTIDE-57,,NOT REPORTED
DISODIUM C12-14 ALKETH-1 SULFOSUCCINATE,,SURFACTANT - CLEANSING
DISODIUM C12-14 ALKETH-2 SULFOSUCCINATE,,"SURFACTANT - CLEANSING, SURFACTANT - FOAM BOOSTING, SURFACTANT - HYDROTROPE"
DL-CAMPHOR,,PERFUMING
DL-MENTHONE,,PERFUMING
DL-MENTHYL ACETATE,,PERFUMING
DOCOSAHEXENOIC/DOCOSAPENTENOIC/OLEIC/PALMITIC TRIGLYCERIDE,,"BLEACHING, SKIN CONDITIONING, SKIN PROTECTING"
DODECYLHEXYLDECYL PALMITATE,,EMOLLIENT
DRACONTIUM LONGPIPES EXTRACT,,SKIN PROTECTING
DUBOISIA LEICHARDTII LEAF EXTRACT,,SKIN CONDITIONING
DURVILLEA ANTARCTICA EXTRACT,,SKIN PROTECTING
DURVILLEA ANTARTICA EXTRACT,,SKIN CONDITIONING
ECLIPTA PROSTATA LEAF OIL,,HAIR CONDITIONING
EIJITSU,,"ABRASIVE, SKIN CONDITIONING"
EIJITSU EKISU,,"MASKING, SKIN CONDITIONING"
ELETTARIA CARDAMOMUM MINISCULA SEED EXTRACT,,PERFUMING
ELETTARIA CARDAMOMUM MINISCULA SEED OIL,,PERFUMING
ELK ANTLER MESENCHYMAL CELL LYSATE,,"ANTIOXIDANT, SKIN PROTECTING"
EMMEISOU EKISU,,SKIN CONDITIONING
EPICHLOROHYDRIN,"II/657
CMR 1B",NOT REPORTED
EPIMEDIUM GRANDIFLORUM EXTRACT,,SKIN CONDITIONING
EPOXY RESIN COATED ALUMINUM POWDER,,COSMETIC COLORANT
EPSILON-CAPROLACTONE,,NOT REPORTED
EQUISETUM HIEMALE EXTRACT,,"CLEANSING, EMOLLIENT, SKIN CONDITIONING, SOOTHING, TONIC"
EQUISETUM HIEMALE LEAF/STEM EXTRACT,,SKIN CONDITIONING
EREMANTHUS ERYTHROPAPPUS BRANCH/LEAF OILS,,
EREMOPHILIA LONGIFOLIA LEAF EXTRACT,,Eremophila Longifolia Leaf Extract is the extract of the leaves of Eremophila longifolia. 
ERYOBOTRYA JAPONICA LEAF EXTRACT,,"SKIN PROTECTING, VISCOSITY CONTROLLING"
ESCHSCHOLTZIA CALIFORNICA FLOWER/LEAF/STEM EXTRACT,,SKIN CONDITIONING
ESCHSCHOLTZIA CALIFORNICA LEAF CELL EXTRACT,,SKIN PROTECTING
ESCHSCHOLTZIA CALIFORNICA LEAF EXTRACT,,SKIN CONDITIONING
ETHOXY-METHOXYMETHYL-PHENOL,,PERFUMING
ETHOXYBENZALDEHYDE,,PERFUMING
ETHYL ASCORBIC ACID,,SKIN CONDITIONING
ETHYLENEDIAMINE/STEARYL DIMER TALLATE COPOLYMER,,"ORAL CARE, SKIN CONDITIONING"
ETHYLTOSYLAMIDE EPOXY RESIN-2,,"FILM FORMING, PLASTICISER"
EUGENIA CARYOPHYLLUS (CLOVE) BUD WATER,,"ANTIMICROBIAL, ANTIOXIDANT, ANTIPLAQUE"
EUPHORBIA JOLKINI EXTRACT,,"ANTIMICROBIAL, ANTIOXIDANT, ASTRINGENT, EMOLLIENT, HAIR CONDITIONING, SKIN CONDITIONING"
FERROCENYLMETHYL METHACRYLATE,,NOT REPORTED
FLOWER/ROOT/SARRACENIA COBRA NEST LEAF/FLOWER/STALK EXTRACT,,"ANTIMICROBIAL, ANTISEBORRHOEIC, SKIN CONDITIONING, SKIN PROTECTING"
FLUORENONE,,NOT REPORTED
FOMES FOMETARIUS EXTRACT,,SKIN CONDITIONING
FOUQUERIA SPLENDENS STEM EXTRACT,,SKIN CONDITIONING
FUCUS VESICULOSUS THALLE EXTRACT,,PERFUMING
FUKITANPOPO EKISU,,SKIN CONDITIONING
GALLUS EXTRACT,,"MOISTURISING, SKIN CONDITIONING"
GANODERMA AMBOINENSE /APPLE FRUIT FERMENT EXTRACT FILTRATE,,SKIN CONDITIONING
GARDENIA FLORIDA EXTRACT,,TONIC
GAYLUSACCIA BACCATA EXTRACT,,SKIN CONDITIONING
GEMFIBROZIL,,NOT REPORTED
GERMINATED CARTHAMUS TINCTORIUS SEED/PLANTAGO ASIATICA SEED/NELUMBO NUCIFERA SEED/PSORALEA CORYLIFOLIA SEED/ALLIUM TUBEROSUM SEED/BRASSICA CAMPESTRIS SEED/ZIZYPHUS JUJUBA FRUIT/ASTRAGALUS MEMBRANACEUS ROOT/PLATYCODON GRANDIFLORUS ROOT/POLYGONUM MULTIFLORUM/ANGELICA GIGAS/VELVET/PORIA COCOS/LYCIUM CHINENSE FRUIT/PANAX GINSENG ROOT/EUCOMMIA ULMOIDES BARK/TRIBULUS TERRESTRIS FRUIT/POLYGALA TENUIFOLIA ROOT/DENDROBIUM NOBILE/ACHYRANTHES JAPONICA/EPIMEDIUM KOREANUM/REHMANNIA GLUTINOSA ROOT/CORNUS OFFICINALIS FRUIT/RUBUS COREANUS FRUIT/MORINDA CITRIFOLIA/ALPINIA OXYPHYLLA SEED EXTRACT,,"ANTIOXIDANT, SKIN CONDITIONING"
GERMINATED ORYZA SATIVA (RICE) GRAIN,,"HAIR CONDITIONING, SKIN CONDITIONING"
GINKGO BILOBA MERISTEM CELL CULTURE,,
GINKGO BILOTA CALLUS CULTURE EXTRACT,,SKIN CONDITIONING
GLOIOPELTIS AENAX POWDER,,SKIN CONDITIONING
GLYCERETH-17 POLYHYDROXYSTEARATE,,EMULSION STABILISING
GLYCERYHYDROXYPROPYL LAURDIMONIUM CHLORIDE,,HAIR CONDITIONING
GLYCERYL DIHYDROXYSTEARATE,,SKIN CONDITIONING - EMOLLIENT
GLYCERYL HYDROXYPROPYL STEARDIMONIUM CHLORIDE,,HAIR CONDITIONING
GLYCERYL STEARATE/MALEATE,,"EMOLLIENT, EMULSIFYING, SKIN CONDITIONING, SURFACTANT"
GLYCIDOXYPROPYL TRIMETHYLOXYSILANE/PEI-250 CROSSPOLYMER FLUORESCENT BRIGHTENER 230 SALT,,OPACIFYING
GLYCIDOXYPROPYLSILSESQUIOXANE,,NOT REPORTED
GLYCINE MAX (SOYBEAN) CALLUS EXTRACT,,"ANTIMICROBIAL, ANTIOXIDANT, HAIR CONDITIONING, SKIN CONDITIONING, SKIN PROTECTING"
GLYCINE MAX (SOYBEAN) OIL,,"EMOLLIENT, SKIN CONDITIONING"
GLYCINE MAX (SOYBEAN) PHYTOPLACENTA EXTRACT,,"ANTIMICROBIAL, ANTIOXIDANT, HAIR CONDITIONING, SKIN PROTECTING"
GLYCINE MAX (SOYBEAN) PULP,,"HUMECTANT, SKIN CONDITIONING"
GLYCOL HEMA-METHACRYLATE,,FILM FORMING
GLYCYL GLYCINE,,"HAIR CONDITIONING, SKIN CONDITIONING"
GLYCYRRHIZA GLABRA (LICORICE) STEM EXTRACT,,SKIN CONDITIONING
GOSSYPIUM HERBACEUM (COTTON),,NOT REPORTED
GRAPHITE OXIDE,,"ANTIOXIDANT, HUMECTANT"
GRIFOLA FRONDOSA /(PANAX GINSENG/REHMANNIA GLUTINOSA/GLYCYRRHIZA URALENSIS/ANGELICA GIGAS/OPHIOPOGON JAPONICUS/ATRACTYLODES MACROCEPHALA/ASTRAGALUS MEMBRANACEUS) ROOT/ RICE SEED/CITRUS UNSHIU PEEL/CARTHAMUS TINCTORIUS FLOWER FERMENT FILTRATE,,"SKIN CONDITIONING, SKIN CONDITIONING - EMOLLIENT"
GRIFOLA FRONDOSA /(PANAX GINSENG/REHMANNIA GLUTINOSA/GLYCYRRHIZA URALENSIS/ANGELICA GIGAS/OPHIOPOGON JAPONICUS/ATRACTYLODES MACROCEPHALA/ASTRAGALUS MEMBRANACEUS) ROOT/ RICE SEED/CITRUS UNSHIU PEEL/CARTHAMUS TINCTORIUS SEED OIL FERMENT FILTRATE,,"ANTIOXIDANT, SKIN CONDITIONING"
GRIFOLA FRONDOSA /(REHMANNIA GLUTINOSA/GLYCYRRHIZA URALENSIS/ANGELICA GIGAS/OPHIOPOGON JAPONICUS/ATRACTYLODES MACROCEPHALA/ASTRAGALUS MEMBRANACEUS) ROOT/CARTHAMUS TINCTORIUS FLOWER/ RICE SEED/CITRUS UNSHIU PEEL FERMENT FILTRATE EXTRACT,,"SKIN CONDITIONING, SKIN CONDITIONING - EMOLLIENT"
GRIFOLA FRONDOSA /LICORICE ROOT EXTRACT FERMENT FILTRATE,,"ANTIOXIDANT, HUMECTANT, SKIN CONDITIONING"
GRIFOLA FRONDOSA ROOT/ RICE SEED/CITRUS UNSHIU PEEL/CARTHAMUS TINCTORIUS FLOWER FERMENT FILTRATE,,"SKIN CONDITIONING, SKIN CONDITIONING - EMOLLIENT"
GRIFOLA FRONDOSA ROOT/ RICE SEED/CITRUS UNSHIU PEEL/CARTHAMUS TINCTORIUS SEED OIL FERMENT FILTRATE,,"ANTIOXIDANT, SKIN CONDITIONING"
GUANAZOLE,,NOT REPORTED
HAEMATOXYLON BRASILETTO WOOD EXTRACT,,"ASTRINGENT, SKIN PROTECTING"
HAEMATOXYLON CAMPECHIANUM POWDER,,"ANTIMICROBIAL, ASTRINGENT"
HAEMATOXYLON CAMPECHIANUM WOOD EXTRACT,,"ANTIMICROBIAL, ASTRINGENT"
HAKKA,,"ABRASIVE, FLAVOURING"
HAKKA YU,,"MASKING, SKIN CONDITIONING"
HATOMUGI SHUSHI EKISU,,SKIN CONDITIONING
HAZEL SEED OIL DECYL ESTERS,,SKIN CONDITIONING
HAZEL SEED OIL PEG-8 ESTERS,,SKIN CONDITIONING
HAZEL SEED OIL POLYGLYCERYL-6 ESTERS,,SKIN CONDITIONING
HC BLUE NO. 7,III/203,HAIR DYEING
HC RED NO 16,Annex II/1373,HAIR DYEING
HC YELLOW NO. 3,II/1286,HAIR DYEING
HDI ISOCYANURATE TRIMER,,NOT REPORTED
HELIANTHUS ANNUUS (SUNFLOWER) SEED BUTTER,,"EMOLLIENT, SKIN CONDITIONING"
HEPTAPEPTIDE-14,,SKIN CONDITIONING
HEPTAPEPTIDE-15,,SKIN CONDITIONING
HEPTAPEPTIDE-15 PALMITATE,,SKIN CONDITIONING
HEPTAPEPTIDE-18,,SKIN CONDITIONING
HEPTAPEPTIDE-19,,SKIN CONDITIONING
HEPTAPEPTIDE-20,,SKIN CONDITIONING
HEPTAPEPTIDE-27,,SKIN CONDITIONING
HEPTAPEPTIDE-33,,"ANTI-SEBUM, ANTIOXIDANT, SKIN CONDITIONING"
HEPTAPEPTIDE-4,,SKIN CONDITIONING
HEPTAPEPTIDE-43,,NOT REPORTED
HEPTAPEPTIDE-44,,NOT REPORTED
HEPTAPEPTIDE-49,,NOT REPORTED
HEPTAPEPTIDE-5,,SKIN CONDITIONING
HEPTAPEPTIDE-50,,NOT REPORTED
HEPTAPEPTIDE-51,,NOT REPORTED
HEPTAPEPTIDE-57,,NOT REPORTED
HEPTAPEPTIDE-9,,SKIN CONDITIONING
HERICIUM ERINACEUS/LEUCONOSTOC/ARTEMISIA CAPILLARIS LEAF/STEM FERMENT FILTRATE,,ANTIOXIDANT
HERICIUM ERINACEUS/LEUCONOSTOC/MORUS ALBA LEAF/STEM FERMENT FILTRATE,,ANTIOXIDANT
HETEROSIGMA AKASHIWO EXTRACT,,"ANTIMICROBIAL, ANTIOXIDANT, HAIR CONDITIONING, HUMECTANT, SKIN CONDITIONING, SKIN PROTECTING"
HEXANEDIYL DICAPRATE,,BLEACHING
HEXAPEPTIDE-1,,SKIN CONDITIONING
HEXAPEPTIDE-13,,SKIN CONDITIONING
HEXAPEPTIDE-14,,SKIN CONDITIONING
HEXAPEPTIDE-15,,SKIN CONDITIONING
HEXAPEPTIDE-16,,SKIN CONDITIONING
HEXAPEPTIDE-19,,SKIN CONDITIONING
HEXAPEPTIDE-22,,SKIN CONDITIONING
HEXAPEPTIDE-23,,SKIN CONDITIONING
HEXAPEPTIDE-24,,SKIN CONDITIONING
HEXAPEPTIDE-25,,SKIN CONDITIONING
HEXAPEPTIDE-26,,SKIN CONDITIONING
HEXAPEPTIDE-27,,SKIN CONDITIONING
HEXAPEPTIDE-30,,SKIN CONDITIONING
HEXAPEPTIDE-31,,SKIN CONDITIONING
HEXAPEPTIDE-32,,SKIN CONDITIONING
HEXAPEPTIDE-34,,SKIN CONDITIONING
HEXAPEPTIDE-35,,SKIN CONDITIONING
HEXAPEPTIDE-36,,SKIN CONDITIONING
HEXAPEPTIDE-37,,SKIN CONDITIONING
HEXAPEPTIDE-38,,SKIN CONDITIONING
HEXAPEPTIDE-39,,SKIN CONDITIONING
HEXAPEPTIDE-40,,SKIN CONDITIONING
HEXAPEPTIDE-41,,SKIN CONDITIONING
HEXAPEPTIDE-44,,SKIN CONDITIONING
HEXAPEPTIDE-45,,SKIN CONDITIONING
HEXAPEPTIDE-48,,SKIN CONDITIONING
HEXAPEPTIDE-49,,SKIN CONDITIONING
HEXAPEPTIDE-50,,SKIN CONDITIONING
HEXAPEPTIDE-51,,SKIN CONDITIONING
HEXAPEPTIDE-52,,SKIN CONDITIONING
HEXAPEPTIDE-54,,SKIN CONDITIONING
HEXAPEPTIDE-55,,SKIN CONDITIONING
HEXAPEPTIDE-56,,SKIN CONDITIONING
HEXAPEPTIDE-67,,NOT REPORTED
HEXAPEPTIDE-68,,NOT REPORTED
HEXAPEPTIDE-69,,NOT REPORTED
HEXAPEPTIDE-7,,SKIN PROTECTING
HEXAPEPTIDE-71,,NOT REPORTED
HEXAPEPTIDE-72,,NOT REPORTED
HEXAPEPTIDE-74,,NOT REPORTED
HEXAPEPTIDE-76,,NOT REPORTED
HEXAPEPTIDE-77,,NOT REPORTED
HEXAPEPTIDE-78,,NOT REPORTED
HEXAPEPTIDE-79,,NOT REPORTED
HEXAPEPTIDE-79 DECAPEPTIDE-40,,"BLEACHING, SKIN CONDITIONING"
HEXAPEPTIDE-82,,NOT REPORTED
HEXAPEPTIDE-84,,NOT REPORTED
HEXAPEPTIDE-85,,NOT REPORTED
HEXAPEPTIDE-87 AMIDE,,NOT REPORTED
HISTIDINE HYDROCHLORIDE,,"ANTIOXIDANT, REDUCING"
HIZIKIA FUSIFORME WATER,,SKIN PROTECTING
HUMAN ADIPOSE DERIVED STEM CELL CONDITIONED MEDIA,II/416,"BLEACHING, SKIN CONDITIONING"
HUMAN BLOOD/FIBROBLAST INDUCED PLURIPOTENT CELL CULTURE CONDITIONED MEDIA,II/416,"HUMECTANT, SKIN CONDITIONING, SKIN PROTECTING"
HUMAN FIBROBLAST EXTRA CELLULAR MATRIX POWDER,II/416,"HUMECTANT, SKIN CONDITIONING, SKIN CONDITIONING - EMOLLIENT"
HUMAN HAIR KERATIN,II/416,"HAIR CONDITIONING, SKIN CONDITIONING"
HUMULUS LUPULUS CONE EXTRACT,,"ANTIMICROBIAL, ANTIPERSPIRANT, HAIR CONDITIONING"
HUMULUS LUPULUS STEM EXTRACT,,SKIN PROTECTING
HUMULUS LUPULUS STROBILE,,"ANTIMICROBIAL, ASTRINGENT, EMOLLIENT, SKIN CONDITIONING, SOOTHING, TONIC"
HYDROGENATED BISPHENOL A,,NOT REPORTED
HYDROGENATED BRASSICA CAMPESTRIS/ALEURITES FORDII OIL COPOLYMER,,"FILM FORMING, SKIN CONDITIONING"
HYDROGENATED DITERPENE,,NOT REPORTED
HYDROGENATED JOJOBA WAX,,"EMOLLIENT, SKIN CONDITIONING"
HYDROGENATED SOYBEAN GLYCERIDES,,"EMOLLIENT, EMULSIFYING"
HYDROGENATED TRITERPENE MIXTURE,,NOT REPORTED
HYDROLIZED HORSE PLACENTA EXTRACT,,SKIN PROTECTING
HYDROLYZED (CITRUS AURANTIUM AMARA/FORSYTHIA VIRIDISSIMA/GARDENIA FLORIDA) FRUIT/MENTHA ARVENSIS LEAF/(ANGELICA ACUTILOBA/COPTIS JAPONICA/GLYCYRRHIZA GLABRA/PAEONIA LACTIFLORA/PLATYCODON GRANDIFLORUS/REHMANNIA GLUTINOSA/SCUTELLARIA BAICALENSIS ROOT) EXTRACT,,SKIN CONDITIONING - MISCELLANEOUS
HYDROLYZED (CITRUS AURANTIUM AMARA/FORSYTHIA VIRIDISSIMA/GARDENIA JASMINOIDES) FRUIT/MENTHA ARVENSIS LEAF/(ANGELICA ACUTILOBA/COPTIS JAPONICA/ GLYCYRRHIZA GLABRA/PAEONIA LACTIFLORA/PLATYCODON GRANDIFLORUS/REHMANNIA GLUTINOSA/SCUTELLARIA BAICALENSIS) ROOT EXTRACT,,SKIN CONDITIONING - MISCELLANEOUS
HYDROLYZED ASPERGILLUS/BRASSICA NAPUS SEED FERMENT FILTRATE EXTRACT,,SKIN CONDITIONING
HYDROLYZED CANDIDA BOMBICOLA SOPHOROLIPIDS,,"EMULSIFYING, SKIN CONDITIONING, SKIN PROTECTING, SURFACTANT"
HYDROLYZED KERATIN PG-PROPYLMETHYLSILANEDIOL,,"HAIR CONDITIONING, SKIN CONDITIONING"
HYDROLYZED PHYLLOSTACHIS BAMBUSOIDES,,HUMECTANT
HYDROLYZED PYRUS MALUS (APPLE) PECTIN EXTRACT,,SKIN CONDITIONING
HYDROLYZED RHODOPHYCEA EXTRACT,,SKIN PROTECTING
HYDROLYZED RICE FERMENT (SAKE) LEES,,SKIN CONDITIONING
HYDROLYZED SALMO OVARY EXTRACT,,EMOLLIENT
HYDROXY BENZOXATHIOLONE,,ANTIOXIDANT
HYDROXY OXOBENZOXATHIOL,,ASTRINGENT
HYDROXYETHYL DIMETHICONE,,NOT REPORTED
HYDROXYETHYL PYROCATECHOL,,SKIN CONDITIONING
HYDROXYETHYL/METHOXYETHYL ACRYLATE/ BUTYL ACRYLATE COPOLYMER,,FILM FORMING
HYDROXYETHYLAMINOMETHYL-P-AMINOPHENOL,II/1316,HAIR DYEING
HYDROXYMETHYL DIOXOLANONE,,SOLVENT
HYDROXYPROPYL CORN STARCH,,"SURFACTANT, VISCOSITY CONTROLLING"
HYDROXYPROPYL METHACRYLATE PEG-13/PPG-2 ETHER,,NOT REPORTED
HYDROXYPROPYL TRIMONIUM CORN/WHEAT/SOY AMINO ACIDS,,"HUMECTANT, SKIN CONDITIONING"
HYDROXYPROPYLCELLULOSE HYDROXYPROPYLTRIMONIUM CHLORIDE,,
HYDROXYPROPYLTRIMONIUM XANTHAN GUM,,"EMULSION STABILISING, FILM FORMING, VISCOSITY CONTROLLING"
HYDROXYPROPYLTRISILOXYL IPDI/PEG-14 COPOLYMER,,"BINDING, CLEANSING, SKIN CONDITIONING, SURFACTANT - CLEANSING, SURFACTANT - FOAM BOOSTING"
HYDROXYPROPYLTRISILOXYL IPDI/PEG-23 COPOLYMER,,"BINDING, CLEANSING, SKIN CONDITIONING"
INDIGOFERA TINCTORIA,,"MASKING, TONIC"
IRAKUSA EKISU,,SKIN CONDITIONING
IRAKUSA HA EKISU,,SKIN CONDITIONING
IRAKUSA NE EKISU,,SKIN CONDITIONING
ISOBUTYL METHACRYLATE/TRIFLUOROETHYLMETHACRYLATE/BIS-HYDROXYPROPYL DIMETHICONE ACRYLATE COPOLYMER,,"FILM FORMING, HAIR FIXING"
ISOBUTYL TRIFLUOROMETHYL DECHLORO ETHYLCLOPROSTENATE,,HAIR CONDITIONING
ISODECYL ACRYLATE,,NOT REPORTED
ISOPHORONE DIAMINE,,NOT REPORTED
ISOPHTHALIC ACID,,NOT REPORTED
ISOPOLYGLYCERIN-3 DIMETHICONE,,"HAIR CONDITIONING, SKIN CONDITIONING, SURFACTANT"
ISOPROPYL MALEATE,,NOT REPORTED
ISOPROPYL PHENYLHYDROXYPENTENE DIHYDROXYCYCLOPENTYLHEPTENATE,,SKIN CONDITIONING
ISOPROPYLIDENEDIPHENOL DIGLYCIDYL ETHER,,NOT REPORTED
ISOTRIDECANOL,,PERFUMING
JASMINUM GRANDIFLORUM  (JASMINE) LEAF EXTRACT,,"ANTIMICROBIAL, SKIN CONDITIONING"
JIOU EKISU,,SKIN CONDITIONING
JUGLANS REGIA (WALNUT) SEED BUTTER,,"EMOLLIENT, SKIN CONDITIONING"
JUGLANS REGIA (WALNUT) WOOD EXTRACT,,SKIN CONDITIONING
JUNIPERUS OXYCEDRUS WOOD OIL RECTIFIED,,PERFUMING
KANOKOSOU EKISU,,SKIN CONDITIONING
KANZOU,,SKIN CONDITIONING
KANZOU EKISU,,SKIN CONDITIONING
KANZOU FURABONOIDO,,SKIN CONDITIONING
KASSOU,,SKIN CONDITIONING
KEIHI EKISU,,"MASKING, SKIN CONDITIONING"
KEIHI YU,,"MASKING, SKIN CONDITIONING"
KIDACHI ALOE EKISU,,"EMOLLIENT, SKIN CONDITIONING"
KIDACHI ALOE YOUJYUU,KIDACHI ALOE YOUJYUU (Japan INCI name),"SKIN CONDITIONING, SKIN CONDITIONING - EMOLLIENT"
KIDACHI ALOE YOUJYUU MATSU,,"SKIN CONDITIONING, SKIN CONDITIONING - EMOLLIENT"
KINA EKISU,,"EMOLLIENT, SKIN CONDITIONING"
KINGINKA EKISU,,"MASKING, SKIN CONDITIONING"
KLUYVEROMYCES/LACTOBACILLUS/SAPINDUS MUKUROSSI FRUIT OIL FERMENT FILTRATE,,"ANTIMICROBIAL, ANTIOXIDANT, BLEACHING, HAIR CONDITIONING, SKIN CONDITIONING"
KOHHII EKISU,,NOT REPORTED
KOU-CHA EKISU,,"ANTIOXIDANT, SKIN CONDITIONING"
KOUSOU,,SKIN CONDITIONING
KOUSOU EKISU,,SKIN CONDITIONING
KURUMI KAKU EKISU,,SKIN CONDITIONING
KYOUNIN EKISU,,SKIN CONDITIONING
L-BORNEOL,,PERFUMING
L-BORNYL ACETATE,,PERFUMING
L-CAMPHENE,,PERFUMING
L-CARVONE,,PERFUMING
L-CARVYL ACETATE,,PERFUMING
L-LIMONENE,III/167,PERFUMING
L-MENTHOL,,PERFUMING
L-MENTHYL ACETATE,,PERFUMING
LACTOBACILLUS/ANGELICA GIGAS ROOT EXTRACT/PANAX GINSENG ROOT EXTRACT/RUBUS COREANUS FRUIT EXTRACT/SCHIZANDRA CHINENSIS FRUIT EXTRACT FERMENT FILTRATE,,SKIN CONDITIONING
LACTOBACILLUS/GLYCERIN/HYDROLYZED CASEIN/LACTOSE/CATHARANTUS ROSEUS SEED/FAEX EXTRACT FERMENT,,SKIN CONDITIONING
LACTOBACILLUS/GLYCERIN/HYDROLYZED SOY PROTEIN/PERIWINKLE SEED/YEAST EXTRACT FERMENT,,SKIN CONDITIONING
LACTOBACILLUS/HONEYSUCKLE FLOWER/LICORICE ROOT/MORUS ALBA ROOT/PUERARIA LOBATA ROOT/SCHIZANDRA CHINENSIS FRUIT/SCUTELLARIA BAICALENSIS ROOT/SOPHORA JAPONICA FLOWER EXTRACT FERMENT FILTRATE,,SKIN CONDITIONING
LACTOBACILLUS/HYDROLYZED [HONEY/SUGAR CANE/LEAF/GANODERMA LUCIDUM FRUITING BODY/COIX LACRYMA-JOBI MA-YUEN SEED] FERMENT EXTRACT FILTRATE,,SKIN CONDITIONING
LACTOBACILLUS/LEAF/PANAX GINSENG SPROUT FERMENT EXTRACT FILTRATE,,"ANTIOXIDANT, HUMECTANT, SKIN CONDITIONING"
LACTOBACILLUS/LEUCONOSTOC/ACETOBACTER/KLUYVEROMYCES/SACCHAROMYCES MILK FERMENT FILTRATE,,HUMECTANT
LACTOBACILLUS/MILK/GLYCINE SOJA OIL FERMENT,,SKIN CONDITIONING
LACTOBACILLUS/PROPIONIBACTERIUM/LACTOSE/LEMON FRUIT/DATE FRUIT/FIG FRUIT/WALNUT NUT/SOYBEAN/ONION BULB/SOYBEAN SPROUT/CELERY BULB/COCONUT FRUIT/ARTICHOKE BUDS/MILLET SEED/PEA POD FERMENT FILTRATE,,"ANTIOXIDANT, SKIN CONDITIONING, SKIN PROTECTING"
LACTOBACILLUS/RHODOPSEUDOMONAS/SACCHAROMYCES/MOLASSES/LAVENDER/THYMUS SERPILLUM/CYMBOPOGON CITRATUS/PEPPERMINT/MELISSA OFFICINALIS/CHAMOMILLA RECUTITA FLOWER/BERGAMOT LEAF/SPEARMINT/ROSEMARY FERMENT FILTRATE,,"EMOLLIENT, SKIN CONDITIONING"
LACTOBACILLUS/RHODOPSEUDOMONAS/SACCHAROMYCES/SUCROSE/(SCUTELLARIA BAICALENSIS/COPTIS CHINENSIS) ROOT/PHELLODENDRON AMURENSE BARK/LONICERA JAPONICA FLOWER/CHAENOMELES SINENSIS FRUIT/CAMELLIA SINENSIS LEAF/BRASSICA OLERACEA ITALICA (BROCCOLI) FERMENT FILTRATE,,"SKIN CONDITIONING - HUMECTANT, SKIN PROTECTING"
LACTOBACILLUS/RICE/SACCHAROMYCES/CAMELLIA SINENSIS LEAF EXTRACT FERMENT,,"ANTIDANDRUFF, SKIN CONDITIONING"
LACTOBACILLUS/SACCHAROMYCES/ACHYRANTHIS RADIX ROOT/ANGELICA GIGANTIS ROOT/CUSCUTA JAPONICA SEED/CYNANCHUM WILFORDI ROOT/LYCIUM CHINENSE FRUIT/PANAX GINSENG ROOT/PORIA COCOS FRUITING BODY FERMENT FILTRATE,,SKIN CONDITIONING
LACTOBACILLUS/SACCHAROMYCES/CNIDII RHIZOMA ROOT/COPTIDIS RHIZOMA ROOT/CORN/ZIZYPHUS JUJUBA FRUIT FERMENT FILTRATE,,SKIN PROTECTING
LACTOBACILLUS/SACCHAROMYCES/GLUCOSE/CABBAGE LEAF/LETTUCE LEAF/GARLIC LEAF/PERILLA FRUTESCENS LEAF/BRASSICA RAPA CHINENSIS/BRASSICA RAPA PERUVIRIDIS/CARROT ROOT/GINGER ROOT/CUCUMBER FRUIT/MELON FRUIT/WATERMELON FRUIT/CAPSICUM ANNUUM FRUIT/CITRUS HASSAKU FRUIT/CITRUS JUNOS FRUIT/LEMON FRUIT/CAULIFLOWER/PEACH FRUIT/CITRUS SALICINA FRUIT/SWEET CHERRY FRUIT/FIG FRUIT/LENTINUS EDODES/ASPARAGUS STEM/ BRASSICA RAPA PEKINENSIS LEAF/CHRYSANTHEMUM CORONARIUM/CRYPTOTAENIA JAPONICA/BRUSSELS SPROUTS/CELERY/RAPHANUS SATIVUS SPROUT/TURNIP ROOT/ RADISH/TOMATO FRUIT/PINEAPPLE FRUIT/HIBISCUS ESCULENTUS FRUIT/CITRUS UNSHIU FRUIT/TANGERINE FRUIT/CITRUS NATSUDAIDAI FRUIT/BROCCOLI FLOWER/APPLE FRUIT/PEAR FRUIT/GRAPE FRUIT/ERIOBOTRYA JAPONICA FRUIT/HYPSIZIGUS MARMOREUS/FLAMMULINA VELUTIPES/STRAWBERRY FRUIT/UNDARIA PINNATIFIDA/LAMINARIA JAPONICA FERMENT FILTRATE,,"EMOLLIENT, SKIN CONDITIONING"
LACTOBACILLUS/SACCHAROMYCES/GLUCOSE/CABBAGE LEAF/LETTUCE LEAF/GARLIC LEAF/PERILLA FRUTESCENS LEAF/BRASSICA RAPA CHINENSIS/BRASSICA RAPA PERUVIRIDIS/CARROT ROOT/GINGER ROOT/CUCUMBER FRUIT/MELON FRUIT/WATERMELON FRUIT/CAPSICUM ANNUUM FRUIT/CITRUS HASSAKU FRUIT/CITRUS JUNOS FRUIT/LEMON FRUIT/CAULIFLOWER/PEACH FRUIT/CITRUS SALICINA FRUIT/SWEET CHERRY FRUIT/FIG FRUIT/LENTINUS EDODES/ASPARAGUS STEM/BRASSICA RAPA PEKINENSIS LEAF/CHRYSANTHEMUM CORONARIUM/CRYPTOTAENIA JAPONICA/BRUSSELS SPROUTS/CELERY/RAPHANUS SATIVUS/TURNIP ROOT/RADISH/TOMATO FRUIT/PINEAPPLE FRUIT/HIBISCUS ESCULENTUS FRUIT/CITRUS UNSHIU FRUIT/TANGERINE FRUIT/CITRUS NATSUDAIDAI FRUIT/BROCCOLI FLOWER/APPLE FRUIT/PEAR FRUIT/GRAPE FRUIT/ERIOBOTRYA JAPONICA FRUIT/HYPSIZIGUS MARMOREUS/FLAMMULINA VELUTIPES/STRAWBERRY FRUIT/UNDARIA PINNATIFIDA/LAMINARIA JAPONICA FERMENT FILTRATE,,"EMOLLIENT, SKIN CONDITIONING"
LACTOBACILLUS/SACCHAROMYCES/RHODOPSEUDOMONAS/MOLASSES/CALCIUM CARBONATE/YEAST EXTRACT FILTRATE,,HUMECTANT
LACTOCOCCUS LYSATE,,SKIN PROTECTING
LACTOCOCCUS/BEAN SEED EXTRACT FERMENT FILTRATE,,"ANTI-SEBORRHEIC, ANTIMICROBIAL, HAIR CONDITIONING, SKIN CONDITIONING"
LAUROYL METHYL ALANINE,,SKIN CONDITIONING
LAURYL METHACRYLATE/GLYCOL DIMETHACRYLATE COPOLYMER,,FILM FORMING
LEAF/STEM/CINNAMOMUM CASSIA BARK/TRICHOSANTES KIRILOWII FRUIT/ULMUS DAVIDIANA BARK/ROOT/(PAEONIA JAPONICA/BUPLEURUM FALCATUM/POLYGALA TENUIFOLIA ROOT)/VISCUS ALBUM STEM EXTRACT,,"ANTIDANDRUFF, ANTIOXIDANT, ANTISEBORRHOEIC, SKIN PROTECTING"
LEMON EKISU,LEMON EKISU (Japan INCI name),"MASKING, SKIN CONDITIONING"
LEUCONOSTOC/LEDEBOURIELLA DIVARICATA ROOT/ANGELICA DAHURICA ROOT/ANGELICA TENUISSIMA ROOT/MAGNOLIA LILIFLORA BUD/ASARUM SIEBOLDI ROOT/PAEONIA SUFFRUTICOSA ROOT/CNIDIUM OFFICINALE ROOT/ANGELICA GIGAS ROOT/AUCKLANDIA LAPPA ROOT/ACHYRANTHES JAPONICA ROO,,SKIN CONDITIONING
LEUCONOSTOC/PASSIFLORA EDULIS PULP/SOY FERMENT LYSATE FILTRATE,,SKIN CONDITIONING
LIGNUM POWDER,,ABRASIVE
LIGULARIA FISHCERI LEAF EXTRACT,,SKIN CONDITIONING
LIGULARIA FISHCERIA LEAF EXTRACT,,SKIN CONDITIONING
LILIUM BULBIFERM FLOWER/LEAF/STEM JUICE,,SKIN CONDITIONING
LINOLEAMIDOPROPYL DIMETHYLAMINE LACTATE,,ANTISTATIC
LINOLEIC/OLEIC/PALMITIC/STEARIC TRIGLYCERIDE,,SKIN CONDITIONING - MISCELLANEOUS
LIPOYL PENTAPEPTIDE-4,,"ANTIOXIDANT, BLEACHING, HAIR CONDITIONING, SKIN PROTECTING"
LIPOYL TRIPEPTIDE-1,,"ANTIOXIDANT, HAIR CONDITIONING, SKIN PROTECTING"
LIQUIDAMBAR ORIENTALIS BALSAM EXTRACT,III/180,PERFUMING
LIQUIDAMBAR STYRACIFLUA BALSAM OIL,III/181,PERFUMING
LITHOTHAMNIUM CALCAREUM EXTRACT,,SKIN PROTECTING
LITHOTHAMNIUM CALCAREUM POWDER,,ABRASIVE
LITHOTHAMNIUM CALCARUM EXTRACT,,SKIN CONDITIONING
LITHOTHAMNIUM CALCARUM POWDER,,ABRASIVE
LITHOTHAMNIUM CORALLIOIDES POWDER,,ABRASIVE
LOTUS JAPONICUS SOMATIC EMBRYOS EXTRACT,,ANTIOXIDANT
LUFFA CYLINDRICA FRUIT/DAUCUS CAROTA SATIVA ROOT/CUCUMIS SATIVA FRUIT EXTRACT,,SKIN CONDITIONING
LYSINE HYDROCHLORIDE,,"ANTIOXIDANT, REDUCING, SKIN CONDITIONING"
MACADEMIA SEED OIL/HYDROGENATED MACADAMIA SEED OIL ESTERS,,"EMOLLIENT, SKIN PROTECTING, VISCOSITY CONTROLLING"
MACROCYSTIS PYRIFERA (KELP),,VISCOSITY CONTROLLING
MAGNOLIA LILIFLORA EXTRACT,,SKIN CONDITIONING
MALLOTUS PHILIPPINENSIS BARK EXTRACT,,SKIN CONDITIONING
MANIHOT UTILISSIMA STARCH,,"BULKING, SOOTHING"
MARSDENIA CONDURANGO BARK EXTRACT,,SKIN CONDITIONING
MARSDENIA CONDURANGO ROOT EXTRACT,,SKIN CONDITIONING
MEDICAGO SATIVA (ALFALFA) SPROUT EXTRACT,,SKIN CONDITIONING
MELALEUCA ALTERNIFOLIA (TEA TREE) EXTRACT,,SKIN CONDITIONING - EMOLLIENT
MELALEUCA LEUCADENDRON CAJAPUTI FRUIT EXTRACT,,SKIN CONDITIONING
MELALEUCA LEUCADENDRON CAJAPUTI OIL,,"MASKING, TONIC"
MELALEUCA SYMPHYOCARP FLOWER/LEAF EXTRACT,,SKIN CONDITIONING
MELAMINE,,NOT REPORTED
MESUA FERRA BARK/LEAF OIL,,HAIR CONDITIONING
METHACRYLAMIDE,II/681,NOT REPORTED
METHACRYLAMIDOPROPYL LAURYLDIMONIUM CHLORIDE,III/66,NOT REPORTED
METHACRYLOYLOXYETHYL ISOCYANATE,,NOT REPORTED
METHACRYLOYLOXYETHYL PHOSPHORYLCHOLINE,,NOT REPORTED
METHACRYLOYLOXYETHYLTRIMONIUM CHLORIDE,,NOT REPORTED
METHACRYLOYLOXYPROPYL DIMETHICONE,,NOT REPORTED
METHOTREXATE,II/6,NOT REPORTED
METHOXY PEG-125 AMINE,,NOT REPORTED
METHOXY PEG-144,,NOT REPORTED
METHOXY PEG-15 METHACRYLATE,,NOT REPORTED
METHOXY PEG-17/METHOXY PEG-11/HDI CROSSPOLYMER,,ANTICAKING
METHOXY PEG-22,,NOT REPORTED
METHOXY PEG-23 METHACRYLATE,,NOT REPORTED
METHOXY PEG-4 METHACRYLATE,,NOT REPORTED
METHOXY PEG-48 METHACRYLATE,,NOT REPORTED
METHOXY PEG-8 METHACRYLATE,,NOT REPORTED
METHOXY PEG-9 METHACRYLATE,,"FILM FORMING, HUMECTANT, SKIN CONDITIONING"
METHOXY PEG-90 METHACRYLATE,,NOT REPORTED
METHYL METHACRYLATE,,"ANTICAKING, OPACIFYING"
METHYL PROPYL KETONE,,PERFUMING
METHYLENE DIPHENYL DIISOCYANATE,II/1533,NOT REPORTED
METHYLENEDIOXYPHENYL BUTANONE,,SKIN CONDITIONING
METHYLTRICHLOROSILANE,,NOT REPORTED
METHYLTRIETHOXYLANE,,SMOOTHING
MONOGLYCERIDES ACETATE,,"EMOLLIENT, SKIN CONDITIONING"
MONOGLYCERIDES CITRATE,,"EMOLLIENT, EMULSIFYING, SKIN CONDITIONING, SURFACTANT"
MONOGLYCERIDES LACTATE,,"EMOLLIENT, SKIN CONDITIONING"
MONOGLYCERIDES SUCCINATE,,"EMOLLIENT, SKIN CONDITIONING"
MONOGLYCERIDES/DIACETYL TARTARATE ESTERS,,"EMOLLIENT, SKIN CONDITIONING"
MORINGA PTERYGOSPERMA OIL,,EMOLLIENT
MORINGA PTERYGOSPERMA SEED EXTRACT,,SKIN CONDITIONING
MORINGA PTERYGOSPERMA SEED OIL,,SKIN CONDITIONING
MORTIERELLA ISABELLINA OIL,,EMOLLIENT
MURRAYA KOENIGLI LEAF OIL,,PRESERVATIVE
MUSA PARADISIACA (BANANA) FRUIT EXTRACT,,SKIN CONDITIONING
MYCELIUM /LETHARIELLA CLADONIOIDES FERMENT EXTRACT FILTRATE,,"HUMECTANT, SKIN CONDITIONING"
MYRISTICA FRAGRANS (NUTMEG) SHELL POWDER,,SKIN CONDITIONING
MYRISTOYL METHYLALANINE,,SKIN CONDITIONING
MYRISTOYL TETRAPEPTIDE-3,,SKIN CONDITIONING
"N,N'-METHYLENEBISACRYLAMIDE",,NOT REPORTED
"N,N-DIETHYL-P-PHENYLENEDIAMINE",II/1311,HAIR DYEING
N-CAPROYL LYSINE,,"HAIR CONDITIONING, SKIN CONDITIONING - EMOLLIENT, SKIN PROTECTING"
N-LAURYL DIETHANOLAMINE,III/60,HAIR CONDITIONING
N-STEAROYL DIHYDROSPHINGOSINE,,SKIN CONDITIONING
N-VINYL CAPROLACTAM,,NOT REPORTED
N-VINYL IMIDAZOLE,II/1622,NOT REPORTED
N-VINYL PYRROLIDONE,"II/1113
CMR2",NOT REPORTED
NATANE YU,,SKIN CONDITIONING
NEOHESPERIDIN DICHALCONE,,MASKING
NEREOCYSTIS LEUTKEANA EXTRACT,,"HAIR CONDITIONING, SKIN CONDITIONING"
NEROL,,PERFUMING
NICOMETHANOL HYDROFLUORIDE,III/47,"ANTIPLAQUE, ORAL CARE"
NICOTIANA BENTHAMIANA R-JELLYFISH POLYPEPTIDE-1.,,COSMETIC COLORANT
NINDOU EKISU,,"MASKING, SKIN CONDITIONING"
NIOBIUM PENTOXIDE,,"ANTI-SEBORRHEIC, ANTI-SEBUM, ANTIMICROBIAL, DEODORANT, ORAL CARE, OXIDISING"
NONAPEPTIDE-14,,SKIN CONDITIONING
NONAPEPTIDE-15,,SKIN CONDITIONING
NONAPEPTIDE-2,,"HAIR CONDITIONING, SKIN CONDITIONING"
NONAPEPTIDE-20,,SKIN CONDITIONING
NONAPEPTIDE-29,,SKIN CONDITIONING
NONAPEPTIDE-3,,SKIN CONDITIONING
NONAPEPTIDE-33,,SKIN CONDITIONING
NONAPEPTIDE-39,,NOT REPORTED
NONAPEPTIDE-43,,NOT REPORTED
NONAPEPTIDE-6,,SKIN CONDITIONING
OCIMUM BASILICUM (BASIL) MERISTEM CELL CULTURE,,SKIN CONDITIONING
OCIMUM BASILICUM (BASIL) MERISTEM CELL CULTURE EXTRACT,,SKIN CONDITIONING
OCTAHYDROCOUMARIN,,PERFUMING
OCTAPEPTIDE-1,,SKIN CONDITIONING
OCTAPEPTIDE-12,,SKIN CONDITIONING
OCTAPEPTIDE-13,,SKIN CONDITIONING
OCTAPEPTIDE-14,,SKIN CONDITIONING
OCTAPEPTIDE-17,,SKIN CONDITIONING
OCTAPEPTIDE-22,,SKIN CONDITIONING
OCTAPEPTIDE-25,,SKIN CONDITIONING
OCTAPEPTIDE-26,,SKIN CONDITIONING
OCTAPEPTIDE-27 AMIDE,,SKIN CONDITIONING
OCTAPEPTIDE-29,,SKIN CONDITIONING
OCTAPEPTIDE-3,,SKIN CONDITIONING
OCTAPEPTIDE-30,,SKIN CONDITIONING
OCTAPEPTIDE-31,,SKIN CONDITIONING
OCTAPEPTIDE-43 AMIDE,,NOT REPORTED
OCTEA QUIXOS LEAF OIL,,SOLVENT
OCTYL SALICYLATE,,PERFUMING
ODORIKOSOU EKISU,,SKIN CONDITIONING
OLI VE OIL POLYGLYCERYL-6 ESTERS,,"SKIN CONDITIONING, SURFACTANT - EMULSIFYING"
OLIGOPEPTIDE-105,,SKIN CONDITIONING
OLIGOPEPTIDE-106,,SKIN CONDITIONING
OLIGOPEPTIDE-107,,SKIN CONDITIONING
OLIGOPEPTIDE-108,,SKIN CONDITIONING
OLIGOPEPTIDE-113,,SKIN CONDITIONING
OLIGOPEPTIDE-114,,SKIN CONDITIONING
OLIGOPEPTIDE-123,,SKIN CONDITIONING
OLIGOPEPTIDE-126,,SKIN CONDITIONING
OLIGOPEPTIDE-127,,SKIN CONDITIONING
OLIGOPEPTIDE-129,,SKIN CONDITIONING
OLIGOPEPTIDE-133,,SKIN CONDITIONING
OLIGOPEPTIDE-135,,SKIN CONDITIONING
OLIGOPEPTIDE-143,,SKIN CONDITIONING
OLIGOPEPTIDE-144,,SKIN CONDITIONING
OLIGOPEPTIDE-150,,SKIN CONDITIONING
OLIGOPEPTIDE-152,,NOT REPORTED
OLIGOPEPTIDE-159,,NOT REPORTED
OLIGOPEPTIDE-160,,NOT REPORTED
OLIGOPEPTIDE-161,,NOT REPORTED
OLIGOPEPTIDE-162,,NOT REPORTED
OLIGOPEPTIDE-163,,NOT REPORTED
OLIGOPEPTIDE-164,"Oligopeptide-164 is included in the INCI database as a reference for the definition of other INCI Names, and might not be a marketed cosmetic ingredient.",NOT REPORTED
OLIGOPEPTIDE-165,,NOT REPORTED
OLIGOPEPTIDE-166,,NOT REPORTED
OLIGOPEPTIDE-174,,NOT REPORTED
OLIGOPEPTIDE-177,,NOT REPORTED
OLIGOPEPTIDE-178,,NOT REPORTED
OLIGOPEPTIDE-179,,NOT REPORTED
OLIGOPEPTIDE-180,,NOT REPORTED
OLIGOPEPTIDE-181,,NOT REPORTED
OLIGOPEPTIDE-182,,NOT REPORTED
OLIGOPEPTIDE-183,,NOT REPORTED
OLIGOPEPTIDE-185,,NOT REPORTED
OLIGOPEPTIDE-188,,NOT REPORTED
OLIGOPEPTIDE-192,,NOT REPORTED
OLIGOPEPTIDE-193,,NOT REPORTED
OLIGOPEPTIDE-200,,NOT REPORTED
OLIGOPEPTIDE-201,,NOT REPORTED
OLIGOPEPTIDE-202,,NOT REPORTED
OLIGOPEPTIDE-203,,NOT REPORTED
OLIGOPEPTIDE-205,,NOT REPORTED
OLIGOPEPTIDE-206 AMIDE,,NOT REPORTED
OLIGOPEPTIDE-33,,SKIN CONDITIONING
OLIGOPEPTIDE-77,,SKIN CONDITIONING
OLIGOPEPTIDE-91,,SKIN CONDITIONING
OLIGOPEPTIDE-93,,SKIN CONDITIONING
OLIGOPEPTIDE-96,,SKIN CONDITIONING
ONSEN-SUI,,SKIN CONDITIONING
OPHIOPOGON JAPONICUS ROOT/PORIA COCOS/ACHYRANTHES JAPONICA/GANODERMA LUCIDUM/EUCOMMIA ULMOIDES BARK/DIOSCOREA JAPONICA ROOT/LYCIUM CHINENSE FRUIT/NELUMBO NUCIFREA SEED EXTRACT,,"HAIR CONDITIONING, SKIN CONDITIONING, SKIN PROTECTING"
ORANGE 10,254-010-7 (I),D&C Orange No. 10
ORANGE YU,,"MASKING, SKIN CONDITIONING"
OTOGIRISOU EKISU,,SKIN CONDITIONING
OUBAKU,,"ABRASIVE, SKIN CONDITIONING"
OUBAKU EKISU,,SKIN CONDITIONING
OUREN EKISU,,SKIN CONDITIONING
OVUM SHELL MEMBRANE,,SKIN CONDITIONING
OVUM SHELL MEMBRANE EXTRACT,,SKIN PROTECTING
OVUM SHELL MEMBRANE POWDER,,"ANTICAKING, EMOLLIENT, HAIR CONDITIONING"
OVUM SHELL POWDER,,ABRASIVE
OXIDISED GLUTATHIONE,,SKIN CONDITIONING
OXIDIZED HAZEL SEED OIL,,SKIN CONDITIONING
PACHYRRHIZUS EROSUS ROOT EXTRACT,,SKIN CONDITIONING
PACHYRRHIZUS EROSUS SEED EXTRACT,,SKIN CONDITIONING
PAEONIA SUFFRUCTICOSA SEED OIL,,"EMOLLIENT, SKIN CONDITIONING"
PAKAU WHITE CLAY,,"HUMECTANT, SKIN CONDITIONING"
PALMAMIDOPROPYLTRIMONIUM CHLORIDE,,HAIR CONDITIONING
PALMIT/STEAR/BEHEN AMIDO ETHYL DIETHONIUM HYDROLYZED WHEAT PROTEIN,,
PALMITOYL OLIGOPEPTIDE,,"CLEANSING, SKIN CONDITIONING, SURFACTANT - CLEANSING"
PALMITOYL SH-OCTAPEPTIDE-24 AMIDE,,SKIN CONDITIONING
PALMITOYL SH-POLYPEPTIDE-109 CHOLESTEROL,,"HAIR CONDITIONING, SKIN CONDITIONING"
PALMITOYL SH-TRIPEPTIDE-5 NORISOLEUCYL SH-NONAPEPTIDE-1,,SKIN CONDITIONING
PALMITOYL TORMENTILLA ERECTA ROOT EXTRACT,,ANTIOXIDANT
PALMITYL TRIHYDROXYETHYL PROPYLENEDIAMINE DIHYDROFLUORIDE,II/191,"ANTIPLAQUE, ORAL CARE"
PANADANUS ODORATISSIMUS BRACT EXTRACT,,"SKIN CONDITIONING, SKIN PROTECTING"
PANAX GINSENG CAMBIUM CELL CULTURE,,"ANTIMICROBIAL, ANTIOXIDANT, SKIN CONDITIONING"
PANAX GINSENG CAMBIUM CELL CULTURE EXTRACT,,SKIN CONDITIONING
PANAX GINSENG CAMBIUM CELL EXTRACT,,"ANTIOXIDANT, SKIN CONDITIONING"
PANAX QUINQUEFOLIUM ROOT EXTRACT,,ASTRINGENT
PANDANUS ODOROTISSIMUS BRACT EXTRACT,,"SKIN CONDITIONING, SKIN PROTECTING"
PARACHLORELLA SP BX1.5 EXTRACT,,"EMULSION STABILISING, SKIN CONDITIONING, SKIN PROTECTING, VISCOSITY CONTROLLING"
PASSIFLORA EDULIS/PASSIFLORA INCARNATA SEED OILS PEG-8 ESTERS,,"HAIR CONDITIONING, SKIN CONDITIONING"
PASSIFLORA GARKEI MERISTEM CELL CULTURE,,SKIN PROTECTING
PEG-10 DIGLYCIDYL ETHER,,NOT REPORTED
PEG-13,,NOT REPORTED
PEG-13 DIGLYCIDYL ETHER,,NOT REPORTED
PEG-3 DIACRYLATE,,NOT REPORTED
PEG-3 RAPESEED AMINOPROPYLAMINE,,"ANTISTATIC, SURFACTANT - CLEANSING"
"PEG-3,2',2'-DI-P-PHENYLENEDIAMINE",II/1234,HAIR DYEING
PEG-8 ALLYL ETHER,,NOT REPORTED
PEG-9 DIGLYCIDYL ETHER/SODIUM HYALURONATE CROSSPOLYMER,,SKIN CONDITIONING
PEG-X BIS-(TOCOPHERYL SUCCINATE),,"EMULSIFYING, SURFACTANT"
PEG/PPG-120/10 TRIMETHYLPROPANE TRIOLEATE,,VISCOSITY CONTROLLING
PEG/PPG-22/23 BUTYL ETHER DIMETHICONE,,"EMULSIFYING, HAIR CONDITIONING, HUMECTANT, SKIN CONDITIONING, SURFACTANT"
PEG/PPG-30/35 COPOLYMER,,"CLEANSING, SOLVENT, SURFACTANT - CLEANSING"
PEG/PPG-8/13 DIISOSTEARATE,,EMULSIFYING
PELODISCUS SINENSIS EXTRACT,,EMOLLIENT
PELTOPHORUM DASYRACHIS BARK EXTRACT,,HUMECTANT
PELTOPHORUM DASYRACHIS BARK POWDER,,HUMECTANT
PENTAMETHYLENE DIISOCYANATE,,NOT REPORTED
PENTAMETHYLHEPTEN-2-ONE,,PERFUMING
PENTAPEPTIDE-10,,SKIN CONDITIONING
PENTAPEPTIDE-12,,SKIN CONDITIONING
PENTAPEPTIDE-14,,SKIN CONDITIONING
PENTAPEPTIDE-15,,SKIN CONDITIONING
PENTAPEPTIDE-16,,SKIN CONDITIONING
PENTAPEPTIDE-17,,SKIN CONDITIONING
PENTAPEPTIDE-24,,SKIN CONDITIONING
PENTAPEPTIDE-26,,SKIN CONDITIONING
PENTAPEPTIDE-29,,SKIN CONDITIONING
PENTAPEPTIDE-30,,SKIN CONDITIONING
PENTAPEPTIDE-33,,SKIN CONDITIONING
PENTAPEPTIDE-35,,SKIN CONDITIONING
PENTAPEPTIDE-38,,SKIN CONDITIONING
PENTAPEPTIDE-39,,SKIN CONDITIONING
PENTAPEPTIDE-41,,SKIN CONDITIONING
PENTAPEPTIDE-5,,SKIN CONDITIONING
PENTAPEPTIDE-55,,SKIN CONDITIONING
PENTAPEPTIDE-6,,SKIN CONDITIONING
PENTAPEPTIDE-60,,SKIN CONDITIONING
PENTAPEPTIDE-63,,NOT REPORTED
PENTAPEPTIDE-68,,NOT REPORTED
PENTAPEPTIDE-7,,SKIN CONDITIONING
PENTAPEPTIDE-70,,NOT REPORTED
PENTAPEPTIDE-71,,NOT REPORTED
PENTAPEPTIDE-72,,NOT REPORTED
PENTAPEPTIDE-73,,NOT REPORTED
PENTAPEPTIDE-74,,NOT REPORTED
PENTAPEPTIDE-76 AMIDE,,NOT REPORTED
PENTAPEPTIDE-77,,NOT REPORTED
PENTAPEPTIDE-79,,NOT REPORTED
PENTAPEPTIDE-8,,SKIN CONDITIONING
PENTAPEPTIDE-9,,SKIN CONDITIONING
PERFLUOROALKYLSILYL MICA,,NOT REPORTED
PERFLUORONONYLETHYL PEG-8 PHENYLISOPROPYL DIMETHCONE,,"SKIN CONDITIONING, SKIN CONDITIONING - EMOLLIENT"
PERFLUOROPROPYLENE,,NOT REPORTED
PERMETHRIN,,ANTIMICROBIAL
PETROSELINUM CRISPUM (PARSLEY) JUICE,,SKIN CONDITIONING
PHALAENOPSIS LOBBI EXTRACT,,BLEACHING
PHASEOLUS VULGARIS (KIDNEY BEAN) CALLUS EXTRACT,,"ANTIMICROBIAL, ANTIOXIDANT, HAIR CONDITIONING, SKIN PROTECTING"
PHOENIX DACTYLIFERA (DATE) SEED POWDER,,EXFOLIATING
PHRAGMITES KHARKA EXTRACT,,SKIN CONDITIONING
PHTHALIC ACID DENATURED WITH EPOXY RESIN ALKYD RESIN,,FILM FORMING
PHYLLOSTACHIS BAMBUSOIDES EXTRACT,,SKIN CONDITIONING
PHYLLOSTACHIS BAMBUSOIDES JUICE,,SKIN CONDITIONING
PHYLLOSTACHIS BAMBUSOIDES LEAF EXTRACT,,SKIN CONDITIONING
PHYLLOSTACHIS BAMBUSOIDES RHIZOME EXTRACT,,SKIN CONDITIONING
PICHIA/ R-LEUCOSPORIDIUM POLYPEPTIDE-X CONDITIONED MEDIA,,"ANTIDANDRUFF, ANTIMICROBIAL, ANTIOXIDANT, HAIR CONDITIONING, SKIN PROTECTING"
PICRORHIZA KURROA RHIZOME/ROOT EXTRACT,,SKIN CONDITIONING
PINUS SYLVESTRIS BARK/MATRICARIA FLOWER/(CITRUS JUNOS/QUERCUS ACUTISSIMA FRUIT)/(ARTEMISIA PRINCEPS/CAMELLIA SINENSIS/CAMPHOR/CHAMAECYPARIS OBTUSA/CYDONIA OBLONGA/DIOSPYROS KAKI/ERIOBOTRYA JAPONICA/EUCALYPTUS GLOBULUS/GINKGO BILOBA/MORINGAGA OLEIFERA/MORUS ALBA/PAULOWNIA TOMENTOSA/PRUNUS YEDOENSIS LEAF)/(PETASITES JAPONICUS LEAF/STEM)/CITRUS MEDICA LIMONUM PEEL/(ACER SACCARUM/BETULA ALBA SAP)/PHYLLOSTACHYS HETEROCYCLA STEM/HOPS/HOUTTUYNIA CORDATA/NANDINA DOMESTICA EXTRACT,,"HUMECTANT, SKIN CONDITIONING"
PISUM SATIVUM (PEA) CALLUS EXTRACT,,"ANTIFOAMING, ANTIOXIDANT, HAIR CONDITIONING, SKIN CONDITIONING"
PLATYCODON GRANDIFLORUM ROOT EXTRACT,,ANTIOXIDANT
PLEIOGYNIUM TIMORENSE FRUIT EXTRACT,,SKIN CONDITIONING
PNA,,NOT REPORTED
POLOXAMER 251,,"CLEANSING, SURFACTANT - CLEANSING"
"POLY 1,2-BUTANEDIOL-6 PROPYLENE GLYCOL",,SOLVENT
POLY METHYL STYRENE ISOPROPANOL KETONE,,LIGHT STABILIZER
"POLY(1,4-BUTANEDIOL)-11",,NOT REPORTED
"POLY(1,4-BUTANEDIOL)-13",,NOT REPORTED
"POLY(1,4-BUTANEDIOL)-14",,NOT REPORTED
"POLY(1,4-BUTANEDIOL)-18",,NOT REPORTED
"POLY(1,4-BUTANEDIOL)-22",,NOT REPORTED
"POLY(1,4-BUTANEDIOL)-28",,NOT REPORTED
"POLY(1,4-BUTANEDIOL)-3",,NOT REPORTED
"POLY(1,4-BUTANEDIOL)-41",,NOT REPORTED
"POLY(1,4-BUTANEDIOL)-6",,NOT REPORTED
"POLY(1,4-BUTANEDIOL)-8",,NOT REPORTED
"POLY(1,4-BUTANEDIOL)-9",,NOT REPORTED
POLY(1-4 BUTANEDIOL)-27,,NOT REPORTED
POLY(METHYL STYRENE ISOPROPANOL KETONE),,LIGHT STABILIZER
POLYETHYLENE/POLYETHYLENE TEREPHTHALATE LAMINATED POWDER,,COSMETIC COLORANT
POLYETHYLENE/POLYPENTAERYTHRITYL TEREPHTHALATE LAMINATED POWDER,,COSMETIC COLORANT
POLYGLYCERYL-10 EICOSANEDIOATE/TETRADECANEDIOATE ESTERS,,"EMOLLIENT, HAIR CONDITIONING, HUMECTANT"
POLYGLYCERYL-3 DIHYDROXY STEARATE,,EMULSIFYING
POLYGLYCERYL-4 BROCCOLI SEEDATE,,"SKIN CONDITIONING, SKIN CONDITIONING - EMOLLIENT, SURFACTANT - CLEANSING, SURFACTANT - EMULSIFYING"
POLYGLYCERYL-4 CAMELINA SEEDATE,,"SKIN CONDITIONING, SKIN CONDITIONING - EMOLLIENT, SURFACTANT - CLEANSING, SURFACTANT - EMULSIFYING"
POLYGLYCERYL-4 HAZELSEEDATE,,EMULSIFYING
POLYGLYCERYL-4 MACADEMIA SEEDATE,,"HAIR CONDITIONING, SKIN CONDITIONING, SKIN CONDITIONING - EMOLLIENT, SURFACTANT - CLEANSING"
POLYGLYCERYL-4 POMEGRANATE SEEDATE,,"CLEANSING, SKIN CONDITIONING, SKIN CONDITIONING - EMOLLIENT, SURFACTANT - CLEANSING"
POLYGLYCERYL-4 SAFFLOWERSEEDATE,,"CLEANSING, FILM FORMING, SURFACTANT - CLEANSING"
POLYMETHYL GLUTAMATE,,FILM FORMING
POLYMETHYL METHACRYLATE/POLYPENTAERYTHRITYL TEREPHTHALATE/STEARATE/PALMITATE LAMINATED POWDER,,COSMETIC COLORANT
POLYPERFLUOROETHOXYMETHOXY DIFLUOROETHYL PEG ETHER DIISOSTEARATE,,SKIN CONDITIONING
POLYPROPYLENE TEREPHTHALTE,,SKIN CONDITIONING
POLYSTICHUM RETROSO-PALACEUM EXTRACT,,SKIN CONDITIONING
POLYURETHANE-37,,"BINDING, FILM FORMING, HAIR FIXING"
POLYURETHANE-38,,BINDING
PONCIRUS TRIFOLIATA FRUIT/HOUTTYUNIA CORDATA/HERMEROCALLIS FULVA ROOT EXTRACT,,SKIN CONDITIONING
PONGAMIA GLABRA SEED EXTRACT,,"HAIR CONDITIONING, SKIN CONDITIONING"
PORPHYRA TENERA SPORAPHYTE EXTRACT,,"ANTIOXIDANT, SKIN PROTECTING"
POTENTILLA ERECTA ROOT/(HAMAMELIS VIRGINIANA/ROSMARINUS OFFICINALIS/SALVIA OFFICINALIS) LEAF/THYMUS VULGARIS FLOWER/LEAF/STEM EXTRACT,,"HUMECTANT, SKIN CONDITIONING"
POTENTILLA ERECTA ROOT/LEAF/THYMUS VULGARIS FLOWER/LEAF/STEM EXTRACT,,"HUMECTANT, SKIN CONDITIONING"
PPG-13 DECYLTETRADECETH-24,,"EMULSIFYING, SURFACTANT"
PPG-14 LAURETH-60 ALKYL DICARBAMATE,,VISCOSITY CONTROLLING
PPG-14 PALMETH-60 ALKYL DICARBAMATE,,VISCOSITY CONTROLLING
PPG-2-PEG-6 COCONUT OIL ESTERS,,"EMULSIFYING, SKIN CONDITIONING"
PPG-66 DIAMINE,,NOT REPORTED
PPG-8 DIMETHACRYLATE,,NOT REPORTED
PROPYLIDENE PHTHALIDE,III/175,FRAGRANCE
PRUNUS AVIUM (SWEET CHERRY) FRUIT,,SKIN CONDITIONING
PRUNUS HUMILLIS FRUIT EXTRACT,,SKIN CONDITIONING
PRUNUS PERSICA FRUIT CALLUS CULTURE EXTRACT,,ANTIOXIDANT
PRUNUS SUBHIRTELLA LEAF EXTRACT,,SKIN CONDITIONING
PSEUDOMONAS AEROGINOSA CULTURE CONDITIONED MEDIA EXTRACT,,"ANTI-SEBUM, ANTIMICROBIAL, ANTIOXIDANT, PRESERVATIVE"
PYRUS COMMUNIS FRUIT CELL EXTRACT,,
PYRUS MALUS (APPLE) CARPEL POWDER,,SKIN CONDITIONING
PYRUS MALUS OIL,,SKIN CONDITIONING
PYTOCYSTIS NOCTILUCA LYSATE,,SKIN CONDITIONING
QUERCUS AEGILOS CUPULE EXTRACT,,SKIN CONDITIONING
QUERCUS MONGOLIA LEAF EXTRACT,,SKIN CONDITIONING
R-(ASPARTYL OLIGOPEPTIDE-162 ASPARTYL RH-POLYPEPTIDE-115),II/416,NOT REPORTED
R-(ASPARTYL OLIGOPEPTIDE-162 ASPARTYL RH-POLYPEPTIDE-48),II/416,NOT REPORTED
R-(ASPARTYL OLIGOPEPTIDE-162 HEXAPEPTIDE-40 ASPARTYL RH-POLYPEPTIDE-114),II/416,NOT REPORTED
R-(SH/S-MOUSE POLYPEPTIDE-1 SH-POLYPEPTIDE-95),,NOT REPORTED
R-(SH/S-MOUSE POLYPEPTIDE-2 SH-POLYPEPTIDE-118),,NOT REPORTED
R-BOVINE OCTAPEPTIDE-1,,SKIN CONDITIONING
R-CLOSTRIDIUM BOTULINUM POLYPEPTIDE-1,,SKIN CONDITIONING
R-CLOSTRIDIUM HISTOLYTICUM COLLAGENASE,,SKIN CONDITIONING
R-CLOSTRIDIUM HISTOLYTICUM COLLAGENASE G,,SKIN CONDITIONING
R-CLOSTRIDIUM HISTOLYTICUM COLLAGENASE HEXAPEPTIDE-40,,SKIN CONDITIONING
R-CLOSTRIDIUM HISTOLYTICUM COLLAGENASE RH-OLIGOPEPTIDE-60,II/416,SKIN CONDITIONING
R-CLOSTRIDIUM HISTOLYTICUM COLLAGENASE SH-OLIGOPEPTIDE-60,,SKIN CONDITIONING
R-ESCHERICHIA COLI THIOREDOXIN-1,,NOT REPORTED
R-GANODERMA MICROSPORUM POLYPEPTIDE-1,,NOT REPORTED
R-MUSSEL OLIGOPEPTIDE-1,,SKIN CONDITIONING
R-MUSSEL POLYPEPTIDE-1,,SKIN CONDITIONING
R-MUSSEL POLYPEPTIDE-1 R-MUSSEL OLIGOPEPTIDE-1 SH-POLYPEDTIDE-1,,"HAIR CONDITIONING, SKIN CONDITIONING"
R-MUSSEL POLYPEPTIDE-2,,NOT REPORTED
R-OLIGOPEPTIDE-91 SH-POLYPEPTIDE-99,,SKIN CONDITIONING
R-SACCHAROMYCES POLYPEPTIDE-1,,SKIN CONDITIONING
R-SACCHAROMYCES/SUCROSE FERMENT EXTRACT,,"ANTIMICROBIAL, FRAGRANCE, SKIN CONDITIONING, SKIN PROTECTING"
R-SALMON OLIGOPEPTIDE-1,,"ANTIOXIDANT, SKIN PROTECTING"
R-SLEEPING CHIRONOMID POLYPEPTIDE-1,,"HUMECTANT, SKIN CONDITIONING"
R-SLEEPING CHIRONOMID POLYPEPTIDE-2,,"HUMECTANT, SKIN CONDITIONING"
R-SPIDER POLYPEPTIDE-1,,"HAIR CONDITIONING, NAIL CONDITIONING, SKIN PROTECTING"
R-SPIDER POLYPEPTIDE-2,,"HAIR CONDITIONING, NAIL CONDITIONING, SKIN PROTECTING"
R-SPIDER POLYPEPTIDE-3,,SKIN CONDITIONING
R-SYNECHOCOCCUS POLYPEPTIDE-1,,NOT REPORTED
R-TETRAPEPTIDE-38 HEXAPEPTIDE-40 NONAPEPTIDE-39 SH-POLYPEPTIDE-105,,HAIR CONDITIONING
R-TETRAPEPTIDE-38 HEXAPEPTIDE-40 OLIGOPEPTIDE-152 SH-POLYPEPTIDE-106,,HAIR CONDITIONING
R-THERMOTOGA MARITIMA POLYPEPTIDE-1,,SKIN CONDITIONING
R-TRYPANOSOMA CRUZI POLYPEPTIDE-1,,SKIN CONDITIONING
RANSOU EKISU,,SKIN CONDITIONING
RAPHANUS SATIVUS (RADISH) SEED OIL,,"EMOLLIENT, SKIN CONDITIONING"
RAUWOLFIA SERPENTINA ROOT EXTRACT,II/15 (only alkaloids and their salts),"ASTRINGENT, SKIN CONDITIONING"
RENEALMIA GUYANENSIS LEAF EXTRACT,,SKIN CONDITIONING
RH-POLYPEPTIDE-111,II/416,NOT REPORTED
RH-POLYPEPTIDE-114,II/416,NOT REPORTED
RH-POLYPEPTIDE-115,II/416,NOT REPORTED
RH-POLYPEPTIDE-48,II/416,NOT REPORTED
RH-POLYPEPTIDE-50,II/416,SKIN CONDITIONING
RH-POLYPEPTIDE-65,II/416,"HAIR CONDITIONING, SKIN CONDITIONING, SKIN PROTECTING"
RH-POLYPEPTIDE-68,II/416,SKIN CONDITIONING
RH-POLYPEPTIDE-84,II/416,SKIN CONDITIONING
RH-POLYPEPTIDE-87,II/416 ,SKIN CONDITIONING
RH-POLYPEPTIDE-88,II/416  ,SKIN CONDITIONING
RH-POLYPEPTIDE-94,II/416,NOT REPORTED
RH-POLYPEPTIDE-95,II/416,NOT REPORTED
RH-TRANSGENIC RICE EXTRACT,,SKIN CONDITIONING
RIBES NIGRUM (BLACK CURRANT) FRUIT POWDER,,EXFOLIATING
RIBES RUBRUM (CURRANT) FRUIT WATER,,SKIN CONDITIONING
RICE DECAPEPTIDE-1 SP,,NOT REPORTED
RICE FERMENT FILTRATE (SAKE),,SKIN CONDITIONING
RICE SH-POLYPEPTIDE-9,,SKIN CONDITIONING
ROOT/ATRACTYLOIDES JAPONICA RHIZOME/PORIA COCOS/SEED EXTRACT,,"HUMECTANT, SKIN CONDITIONING, SKIN PROTECTING"
ROOT/CNIDIUM OFFICINALE RHIZOME EXTRACT,,"EMOLLIENT, SKIN CONDITIONING"
ROOT/COMMIPHORA MYRRHA RESIN/SWERTIA JAPONICA/UNCARIA GAMBIR EXTRACT,,"EMOLLIENT, SKIN CONDITIONING"
ROSA DAVUCA CALLUS CULTURE EXTRACT,,"ANTIOXIDANT, HAIR CONDITIONING, SKIN PROTECTING"
ROSA EGLANTERIA FLOWER/LEAF/STEM EXTRACT,,"MASKING, TONIC"
ROSA EGLANTERIA SEED OIL,,SKIN CONDITIONING
RYOKU-CHA EKISU,,"ANTIOXIDANT, SKIN CONDITIONING"
S-CLOSTRIDIUM BOTULINUM POLYPEPTIDE-1,,SKIN CONDITIONING
S-COW OLIGOPEPTIDE-2 SP,,NOT REPORTED
S-COW PENTAPEPTIDE-1 SP,,NOT REPORTED
S-HIV-1 OLIGOPEPTIDE-5 SP,,NOT REPORTED
S-HIV-1 OLIGOPEPTIDE-6,,NOT REPORTED
S-HIV-1 OLIGOPEPTIDE-7,,NOT REPORTED
S-METHANOCALDOCOCCUS JANNASCHII HEPTAPEPTIDE-1,,SKIN CONDITIONING
S-MOUSE OLIGOPEPTIDE-1,,NOT REPORTED
S-MUSSEL OLIGOPEPTIDE-1,,SKIN CONDITIONING
S-MUSSEL POLYPEPTIDE-1,,SKIN CONDITIONING
S-ORIENTAL FIRE-BELLIED TOAD OLIGOPEPTIDE-1,,NOT REPORTED
S-PENTADIPLANDRA BRAZZEANA DEFENSIN-LIKE PROTEIN,,NOT REPORTED
S-PROPIONIBACTERIUM PHAGE P9.1 POLYPEPTIDE-1,,NOT REPORTED
S-SILKWORM OLIGOPEPTIDE-1 SP,,NOT REPORTED
S-SNAIL OLIGOPEPTIDE-1,,NOT REPORTED
S-SOLITARY BEE OLIGOPEPTIDE-1,,NOT REPORTED
S-SPIDER OLIGOPEPTIDE-1,,NOT REPORTED
S-SPIDER POLYPEPTIDE-6,,NOT REPORTED
S-STAPHYLOCOCCUS AUREUS POLYPEPTIDE-1,,NOT REPORTED
SABBATIA ANGULARIS EXTRACT,,"SKIN CONDITIONING, TONIC"
SACCHAROMYCES/(LAVENDER/ROSMARY/SAGE/THYME) SEED EXTRACT FERMENT FILTRATE,,"ANTIMICROBIAL, ANTIOXIDANT, HAIR CONDITIONING, SKIN PROTECTING"
SACCHAROMYCES/(PANAX GINSENG/OPHIOPOGON JAPONICUS) ROOT/RHUS SEMIALATA GALL/(EUCALYPTUS GLOBULUS/ALCHEMILLA VULGARIS)LEAF/HIZIKIA FUSIFORME/SALICORNIA HERBACEA/SARGASSUM FULVELLUM FERMENT EXTRACT FILTRATE,,"ANTIOXIDANT, SKIN CONDITIONING, SKIN CONDITIONING - EMOLLIENT"
SACCHAROMYCES/ACHYRANTHES BIDENTATA ROOT/ANGELICA GIGAS ROOT/ANGELICA PUBESCENS ROOT/ANGELICA TENUISSIMA ROOT/CNIDIUM OFFICINALE ROOT/EUCOMMIA ULMOIDES BARK/LEDEBOURIELLA DIVARICATA ROOT/PAEONIA SUFFRUTICOSA ROOT FERMENT FILTRATE,,SKIN CONDITIONING
SACCHAROMYCES/ALCHEMILLA VULGARIS/ALCHILLEA MILLEFOLIUM/BORAGO OFFICINALIS/EUCALYPTUS GLOBULUS/HELICHRYSUM ARENARIUM FERMENT EXTRACT FILTRATE,,"ANTIOXIDANT, SKIN CONDITIONING"
SACCHAROMYCES/ALOE BARBADENSIS LEAF/APPLE FRUIT/ARTEMISIA PRINCEPS LEAF/GRAPE FRUIT/PRUNUS MUME FRUIT/PUMPKIN/TOMATO FRUIT FERMENT FILTRATE,,SKIN CONDITIONING
SACCHAROMYCES/ANEMARRHENA ASPHODELOIDES ROOT/ANGELICA GIGAS ROOT/ASPARAGUS COCHINCHINENSIS/ATRACTYLOIDES MACROCEPHALA ROOT/FRAXINUS EXCELSIOR BARK/LICORICE ROOT/OPHIOPOGON JAPONICUS ROOT/PAEONIA LACTIFLORA ROOT/PHELLODENDRON AMURENSE BARK FERMENT EXTRACT,,SKIN CONDITIONING
SACCHAROMYCES/LICORICE ROOT/REHMANNIA GLUTINOSA ROOT/ANGELICA GIGAS ROOT/OPHIOPOGON JAPONICUS ROOT/ATRACTYLOIDES MACROCEPHALA ROOT/PAEONIA LACTIFLORA ROOT/ANEMARRHENA ASPHODELOIDES ROOT/FRAXINUS EXCELSIOR BARK/ASPARAGUS COCHINCHINENSIS/PHELLODENDRON AMURENSE BARK FERMENT EXTRACT,,"HAIR CONDITIONING, SKIN CONDITIONING"
SACCHAROMYCES/MARIS SAL FERMENT,,SKIN CONDITIONING
SAISIN EKISU,,NOT REPORTED
SALVIA LAVANDULAEFOLIA LEAF OIL,,MASKING
SANSHOU EKISU,,SKIN CONDITIONING
SANTALUM ALBUM (SANDALWOOD),,NOT REPORTED
SANTALUM ALBUM WOOD OIL,,PERFUMING
SAPINDUS MUKUROSSI FRUIT EXTRACT,,CLEANSING
SAPINDUS MUKUROSSI FRUIT FERMENT EXTRACT,,"ANTIMICROBIAL, SKIN CONDITIONING"
SAPINDUS MUKUROSSI FRUIT POWDER,,HAIR CONDITIONING
SAPINDUS MUKUROSSI PEEL EXTRACT,,SKIN CONDITIONING
SATURATED METHYLENE DIPHENYL DIISOCYANATE,,NOT REPORTED
SATUREIA HORTENSIS EXTRACT,,"MASKING, PERFUMING, SKIN CONDITIONING, SOOTHING"
SATUREIA HORTENSIS LEAF EXTRACT,,SKIN CONDITIONING
SATUREIA HORTENSIS OIL,,"MASKING, PERFUMING"
SATUREIA MONTANA OIL,,MASKING
SAXIFRAGA CAESPITOSA EXTRACT,,SKIN CONDITIONING
SCHINUS TEREBINTHIFOLIUS FRUIT EXTRACT,,"FLAVOURING, MASKING"
SCHINUS TEREBINTHIFOLIUS FRUIT OIL,,SKIN CONDITIONING
SCHINUS TEREBINTHIFOLIUS LEAF EXTRACT,,SKIN CONDITIONING
SCHINUS TEREBINTHIFOLIUS SEED EXTRACT,,"ASTRINGENT, SKIN CONDITIONING"
SCHIZANDRA CHINENSIS CALLUS EXTRACT,,SKIN PROTECTING
SCHIZANDRA CHINENSIS FRUIT,,SKIN CONDITIONING
SCHIZANDRA CHINENSIS FRUIT EXTRACT,,SKIN CONDITIONING
SCHIZANDRA CHINENSIS FRUIT OIL,,SKIN CONDITIONING
SCHIZANDRA CHINENSIS FRUIT POWDER,,SKIN CONDITIONING
SCHIZANDRA CHINENSIS FRUIT WATER,,"FLAVOURING, MASKING, PERFUMING, SKIN CONDITIONING"
SCHIZANDRA CHINENSIS SEED EXTRACT,,"HAIR CONDITIONING, SKIN CONDITIONING"
SCHIZOPHYLLUM COMMUNE (MUSHROOM) FERMENT FILTRATE,,"HUMECTANT, SKIN CONDITIONING"
SEC-BUTANOL,,PERFUMING
SEC-BUTYLPHENOXY ETHOXY ISOPROPANOL,,"ANTIOXIDANT, HUMECTANT"
SEC-BUTYLPHENOXY PROPANEDIOL,,"ANTIOXIDANT, HUMECTANT"
SEKKEN SOJI,,"CLEANSING, EMULSIFYING, SURFACTANT"
SEMIAQVILEGIA ADOXOIDES ROOT EXTRACT,,SKIN CONDITIONING
SEQUOIADENDRON GIGANTEA BUD EXTRACT,,SKIN PROTECTING
SEQUOIADENDRON GIGANTEA STEM EXTRACT,,SKIN CONDITIONING
SESAMUM INDICUM (SESAME) MERISTEM CELL CULTURE EXTRACT,,"ANTIOXIDANT, HAIR CONDITIONING, HUMECTANT, SKIN CONDITIONING"
SESQUI-C12-16 ALKANES,II/881,"SKIN CONDITIONING, SKIN CONDITIONING - EMOLLIENT"
SH-DECAPEPTIDE-1,,SKIN CONDITIONING
SH-DECAPEPTIDE-2,,SKIN CONDITIONING
SH-DECAPEPTIDE-4 SP,,NOT REPORTED
SH-DECAPEPTIDE-6 SP,,NOT REPORTED
SH-DECAPEPTIDE-8 SP,,NOT REPORTED
SH-HEPTAPEPTIDE-1,,SKIN CONDITIONING
SH-HEPTAPEPTIDE-12 SP,,NOT REPORTED
SH-HEXAPEPTIDE-5 SP,,NOT REPORTED
SH-HEXAPEPTIDE-8 SP,,NOT REPORTED
SH-NONAPEPTIDE-12,,SKIN CONDITIONING
SH-NONAPEPTIDE-2,,SKIN CONDITIONING
SH-NONAPEPTIDE-3,,SKIN CONDITIONING
SH-NONAPEPTIDE-5,,SKIN CONDITIONING
SH-NONAPEPTIDE-6,,NOT REPORTED
SH-NONAPEPTIDE-8 SP,,"SKIN CONDITIONING - MISCELLANEOUS, SKIN PROTECTING"
SH-OCTAPEPTIDE-5 SP,,NOT REPORTED
SH-OLIGOPEPTIDE-1 SP,,NOT REPORTED
SH-OLIGOPEPTIDE-106 SP,,SKIN CONDITIONING - MISCELLANEOUS
SH-OLIGOPEPTIDE-107 SP,,NOT REPORTED
SH-OLIGOPEPTIDE-26 SP,,"SKIN CONDITIONING, SKIN CONDITIONING - EMOLLIENT, SKIN PROTECTING"
SH-OLIGOPEPTIDE-27 SP,,"SKIN CONDITIONING, SKIN CONDITIONING - EMOLLIENT, SKIN PROTECTING"
SH-OLIGOPEPTIDE-28 SP,,NOT REPORTED
SH-OLIGOPEPTIDE-29 SP,,NOT REPORTED
SH-OLIGOPEPTIDE-30 SP,,NOT REPORTED
SH-OLIGOPEPTIDE-31 SP,,NOT REPORTED
SH-OLIGOPEPTIDE-33,,SKIN CONDITIONING
SH-OLIGOPEPTIDE-60,,SKIN CONDITIONING
SH-OLIGOPEPTIDE-76,,SKIN CONDITIONING
SH-OLIGOPEPTIDE-77,,SKIN CONDITIONING
SH-OLIGOPEPTIDE-79,,SKIN CONDITIONING
SH-OLIGOPEPTIDE-81,,NOT REPORTED
SH-OLIGOPEPTIDE-83,,SKIN PROTECTING
SH-OLIGOPEPTIDE-85,,NOT REPORTED
SH-OLIGOPEPTIDE-87,,"ANTI-SEBUM, HAIR CONDITIONING"
SH-OLIGOPEPTIDE-88,,"ANTI-SEBUM, HAIR CONDITIONING, HUMECTANT"
SH-OLIGOPEPTIDE-92 SP,,NOT REPORTED
SH-OLIGOPEPTIDE-94,,NOT REPORTED
SH-OLIGOPEPTIDE-98 SP AMIDE,,NOT REPORTED
SH-PENTAPEPTIDE-10 SP,,NOT REPORTED
SH-PENTAPEPTIDE-11 SP,,NOT REPORTED
SH-PENTAPEPTIDE-13 SP AMIDE,,NOT REPORTED
SH-PENTAPEPTIDE-35,,SKIN CONDITIONING
SH-PENTAPEPTIDE-38,,SKIN CONDITIONING
SH-PENTAPEPTIDE-4,,SKIN CONDITIONING
SH-PENTAPEPTIDE-7,,SKIN CONDITIONING
SH-POLYPEPTIDE-106,,NOT REPORTED
SH-POLYPEPTIDE-112,,NOT REPORTED
SH-POLYPEPTIDE-116,,NOT REPORTED
SH-POLYPEPTIDE-117,,NOT REPORTED
SH-POLYPEPTIDE-118,,NOT REPORTED
SH-POLYPEPTIDE-119,,NOT REPORTED
SH-POLYPEPTIDE-122,,NOT REPORTED
SH-POLYPEPTIDE-124,,SKIN CONDITIONING
SH-POLYPEPTIDE-126,,NOT REPORTED
SH-POLYPEPTIDE-129,,NOT REPORTED
SH-POLYPEPTIDE-130,,NOT REPORTED
SH-POLYPEPTIDE-131,,NOT REPORTED
SH-POLYPEPTIDE-133,,"ANTIOXIDANT, SKIN PROTECTING"
SH-POLYPEPTIDE-135,,NOT REPORTED
SH-POLYPEPTIDE-136,,NOT REPORTED
SH-POLYPEPTIDE-32,,SKIN CONDITIONING
SH-POLYPEPTIDE-48,,SKIN CONDITIONING
SH-POLYPEPTIDE-56,,SKIN CONDITIONING
SH-POLYPEPTIDE-94,,SKIN CONDITIONING
SH-POLYPEPTIDE-95,,SKIN CONDITIONING
SH-POLYPEPTIDE-96,,NOT REPORTED
SH-POLYPEPTIDE-98,,SKIN CONDITIONING
SH-POLYPEPTIDE-99,,SKIN CONDITIONING
SH-TETRAPEPTIDE-1,,SKIN CONDITIONING
SH-TETRAPEPTIDE-2,,SKIN CONDITIONING
SH-TETRAPEPTIDE-3 SP,,NOT REPORTED
SH-TETRAPEPTIDE-39,,SKIN CONDITIONING
SH-TRIPEPTIDE-1,,SKIN CONDITIONING
SH-TRIPEPTIDE-2,,SKIN CONDITIONING
SH-TRIPEPTIDE-3,,SKIN CONDITIONING
SH-TRIPEPTIDE-4,,SKIN CONDITIONING
SH/S-MOUSE POLYPEPTIDE-1,,NOT REPORTED
SH/S-MOUSE POLYPEPTIDE-2,,NOT REPORTED
SHAKUYAKU EKISU,,SKIN CONDITIONING
SHINANOKI EKISU,,SKIN CONDITIONING
SHIRAKABA EKISU,,SKIN CONDITIONING
SHIRAKABA HA EKISU,,SKIN CONDITIONING
SHIRAKABA JYUHI EKISU,,SKIN CONDITIONING
SIPARUNA GUAIANENSIS LEAF OIL,,"MASKING, PERFUMING"
SMILAX ARISTOLOCHIAEFOLIA ROOT EXTRACT,,SKIN CONDITIONING
SMILAX LANCEAEFOLIA ROOT/STALK POWDER,,"ABRASIVE, MASKING, SKIN PROTECTING"
SODIUM ACRYLATE/SODIUM ACRYLAMIDOMETHYLPROPANE SULFONATE COPOLYMER,,VISCOSITY CONTROLLING
SODIUM ACRYLATES CROSSPOLYMER,,"ABSORBENT, VISCOSITY CONTROLLING"
SODIUM ACRYLATES/ACROLEIN COPOLYMER,,"BINDING, FILM FORMING, VISCOSITY CONTROLLING"
SODIUM AMPS,,NOT REPORTED
SODIUM CARBOXYMETHYL BETAGLUCAN,,"BINDING, VISCOSITY CONTROLLING"
SODIUM CHITOSAN COCAMIDE HYDROXYPROPYLSULFATE,,"EMOLLIENT, EMULSIFYING, HAIR CONDITIONING, SKIN CONDITIONING, SURFACTANT"
SODIUM CHITOSAN LAURAMIDE HYDROXYPROPYLSULFATE,,"EMULSIFYING, HAIR CONDITIONING, SKIN CONDITIONING, SURFACTANT"
SODIUM DIMETHICONE PEG-7 ACETYL METHYL TAURATE,,"HAIR CONDITIONING, SKIN CONDITIONING"
SODIUM HYDROGENATED TALLOW GLUTAMATE,,"CLEANSING, SURFACTANT"
SODIUM PHOSPHORUS/ZINC/CALCIUM/SILICON/ALUMINUM/SILVER OXIDES,,"ANTI-SEBUM, ANTIMICROBIAL, PRESERVATIVE"
SODIUM SHALE OIL SULFONATE,,"ANTIDANDRUFF, ANTIMICROBIAL, SURFACTANT"
SODIUM SUCCINOYL HYDROLYZED COLLAGEN,,"HUMECTANT, SKIN CONDITIONING"
SODIUM THIOOCTOYL/FORMOYL HYALURONATE,,HUMECTANT
SODIUM TRIMETHYLPENTENE/MA COPOLYMER,,VISCOSITY CONTROLLING
SOLANUM AVICULARE LEAF EXTRACT,,SKIN CONDITIONING
SOLANUM LYCOCARPUM MERISTEM CELL CULTURE CONDITIONED MEDIA,,"ANTIOXIDANT, SKIN CONDITIONING"
SORBITAN FATTY ACID ESTER,,"EMULSIFYING, SURFACTANT"
SORBITOL POLYGLYCIDYL ETHER,,NOT REPORTED
SOUHAKUHI EKISU,,SKIN CONDITIONING
SOY DIHYDROXYPROPYLDIMONIUM POLYGLUCOSE,,ANTISTATIC
SOY MILK,,SKIN CONDITIONING
SOY MILK POWDER,,SKIN CONDITIONING
SOY STEROL,,"EMULSIFYING, HUMECTANT, SKIN CONDITIONING"
SPIRODELA POLYRRHIZA EXTRACT,,SKIN CONDITIONING
SPIRULINA MAXIMA LYSATE FILTRATE,,SKIN CONDITIONING - MISCELLANEOUS
SPROUT EXTRACT,,ANTIOXIDANT
SR-(OLIGOPEPTIDE-188 SH-OLIGOPEPTIDE-1),,"SKIN CONDITIONING - MISCELLANEOUS, SKIN PROTECTING"
SR-(OLIGOPEPTIDE-188 SH-POLYPEPTIDE-1),,"SKIN CONDITIONING - MISCELLANEOUS, SKIN PROTECTING"
SR-(WASP SPIDER POLYPEPTIDE-1 OLIGOPEPTIDE-178),,"DISPERSING NON-SURFACTANT, FILM FORMING, SKIN CONDITIONING, SKIN PROTECTING"
SR-BOVINE POLYPEPTIDE-1,,SKIN CONDITIONING
SR-COW POLYPEPTIDE-2,,NOT REPORTED
SR-COW POLYPEPTIDE-3,,NOT REPORTED
SR-DOLPHIN POLYPEPTIDE-1,,NOT REPORTED
SR-EGYPTIAN SCORPION OLIGOPEPTIDE-1,,SKIN CONDITIONING
SR-ELEPHANT POLYPEPTIDE-1,,NOT REPORTED
SR-ENTEROBACTERIA PHAGE T7 POLYPEPTIDE-1,,NOT REPORTED
SR-ESCHERICHIA COLI POLYPEPTIDE-1,,SKIN CONDITIONING
SR-EXPRESSION VECTOR PMBP-PARALLEL 1 POLYPEPTIDE-1,,NOT REPORTED
SR-GIRAFFE POLYPEPTIDE-1,,NOT REPORTED
SR-OCEAN POUT POLYPEPTIDE-1,,SKIN CONDITIONING
SR-OLIGOPEPTIDE-150 SILKWORM POLYPEPTIDE-2 DIPEPTIDE-19 HEXAPEPTIDE-40,,SKIN CONDITIONING
SR-PECTOBACTERIUM POLYPEPTIDE-1,,SKIN CONDITIONING
SR-PINEAPPLE STEM BROMELAIN,,SKIN CONDITIONING
SR-RAINBOW TROUT OLIGOPEPTIDE-1,,NOT REPORTED
SR-SHARK POLYPEPTIDE-1,,NOT REPORTED
SR-SILKWORM POLYPEPTIDE-1,,SKIN CONDITIONING
SR-SILKWORM POLYPEPTIDE-2,,SKIN CONDITIONING
SR-SPIDER OLIGOPEPTIDE-1,,SKIN CONDITIONING
SR-SPIDER POLYPEPTIDE-3,,SKIN CONDITIONING
SR-SPIDER POLYPEPTIDE-4,,SKIN CONDITIONING
SR-SPIDER POLYPEPTIDE-5,,NOT REPORTED
SR-STAPHYLOCOCCUS PHAGE 2638A POLYPEPTIDE-1,,NOT REPORTED
SR-STAPHYLOCOCCUS SIMULANS POLYPEPTIDE-1,,NOT REPORTED
SR-TIGER POLYPEPTIDE-1,,NOT REPORTED
SR-TIGER POLYPEPTIDE-2,,NOT REPORTED
SR-TURTLE POLYPEPTIDE-1,,NOT REPORTED
SR-WASP SPIDER POLYPEPTIDE-1,,NOT REPORTED
STACHYS OFFICINALIS EXTRACT,,SKIN PROTECTING
STEARYL ACRYLATE,,NOT REPORTED
STEARYL METHACRYLATE,,NOT REPORTED
STEARYL/AMINOPROPYL METHICONE COPOLYMER,,EMOLLIENT
STEARYL/OCTADODECYL CITRATE CROSSPOLYMER,,HUMECTANT
STEPHANIA CEPHARANTHA ROOT EXTRACT,,SKIN CONDITIONING
STERCULIA PLANTIFOLIA FLOWER/LEAF/SEED EXTRACT,,SKIN CONDITIONING
STIPA TENACISSIMA CERA,,SKIN PROTECTING
STREPTOCOCCUS THERMOPHILUS FERMENT EXTRACT,,"HUMECTANT, SKIN CONDITIONING"
STREPTOCOCCUS THERMOPHILUS/ANGELICA GIGAS ROOT/CIMICIFUGA RACEMOSA ROOT/PUERARIA LOBATA ROOT/PUNICA GRANATUM FRUIT/SCHIZANDRA CHINENSIS FRUIT EXTRACT FERMENT FILTRATE,,SKIN CONDITIONING
STREPTOMYCES SUBRUTILUS/APRICOT FLOWER EXTRACT/LITHOSPERMUM OFFICINALE ROOT EXTRACT/MAGNOLIA OFFICINALIS FLOWER EXTRACT/SPIRODELA POLYRRHIZA EXTRACT FERMENT FILTRATE,,SKIN CONDITIONING
STURGEON POLYPEPTIDE-1,,NOT REPORTED
STYRENE OXIDE,"CMR1B
II/656
",NOT REPORTED
SUCCINIC ANHYDRIDE,,NOT REPORTED
SULFONATED CASTOR OIL,,"FOAMING, SURFACTANT"
SWEET ALMOND OIL POLYGLYCERY-4 ESTERS,,"EMOLLIENT, EMULSION STABILISING"
T-BUTYL P-CRESOL,,NOT REPORTED
T-BUTYLACRYLAMIDE,,NOT REPORTED
T-BUTYLAMINOETHYL METHACRYLATE,,NOT REPORTED
T-BUTYLPHENOXY ETHOXY ISOPROPANOL,,"ANTIOXIDANT, HUMECTANT"
T-BUTYLPHENOXY PROPANEDIOL,,"ANTIOXIDANT, HUMECTANT"
TAPARIRA GUIANENSIS LEAF EXTRACT,,SKIN CONDITIONING
TELPHAIRIA PEDATA OIL,,"EMOLLIENT, SKIN CONDITIONING"
TETRAFLUOROPROPENO,,PROPELLANT
TETRAMETHYLCYCLOTETRASILOXANE,,FILM FORMING
TETRAPEPTIDE-10,,SKIN CONDITIONING
TETRAPEPTIDE-11,,SKIN CONDITIONING
TETRAPEPTIDE-12,,SKIN CONDITIONING
TETRAPEPTIDE-13,,SKIN CONDITIONING
TETRAPEPTIDE-15,,SKIN CONDITIONING
TETRAPEPTIDE-17,,SKIN CONDITIONING
TETRAPEPTIDE-18,,SKIN CONDITIONING
TETRAPEPTIDE-19,,SKIN CONDITIONING
TETRAPEPTIDE-2,,SKIN CONDITIONING
TETRAPEPTIDE-20,,SKIN CONDITIONING
TETRAPEPTIDE-22,,SKIN CONDITIONING
TETRAPEPTIDE-24,,SKIN CONDITIONING
TETRAPEPTIDE-25,,SKIN CONDITIONING
TETRAPEPTIDE-27,,SKIN CONDITIONING
TETRAPEPTIDE-28,,SKIN CONDITIONING
TETRAPEPTIDE-29,,SKIN CONDITIONING
TETRAPEPTIDE-3,,SKIN CONDITIONING
TETRAPEPTIDE-31,,SKIN CONDITIONING
TETRAPEPTIDE-34,,SKIN CONDITIONING
TETRAPEPTIDE-35,,SKIN CONDITIONING
TETRAPEPTIDE-36,,SKIN CONDITIONING
TETRAPEPTIDE-37,,SKIN CONDITIONING
TETRAPEPTIDE-38,,SKIN CONDITIONING
TETRAPEPTIDE-39,,SKIN CONDITIONING
TETRAPEPTIDE-39 HEXAPEPTIDE-40 NONAPEPTIDE-20 R-SPIDER POLYPEPTIDE-3 DECAPEPTIDE-30,,"HAIR CONDITIONING, SKIN PROTECTING"
TETRAPEPTIDE-40,,SKIN CONDITIONING
TETRAPEPTIDE-41,,SKIN CONDITIONING
TETRAPEPTIDE-43,,SKIN CONDITIONING
TETRAPEPTIDE-46,,SKIN CONDITIONING
TETRAPEPTIDE-48,,SKIN CONDITIONING
TETRAPEPTIDE-50,,SKIN CONDITIONING
TETRAPEPTIDE-52,,SKIN CONDITIONING
TETRAPEPTIDE-6,,SKIN CONDITIONING
TETRAPEPTIDE-60,,SKIN CONDITIONING
TETRAPEPTIDE-62,,SKIN CONDITIONING
TETRAPEPTIDE-66,,NOT REPORTED
TETRAPEPTIDE-67,,NOT REPORTED
TETRAPEPTIDE-69,,NOT REPORTED
TETRAPEPTIDE-7,,SKIN CONDITIONING
TETRAPEPTIDE-70,,NOT REPORTED
TETRAPEPTIDE-71,,NOT REPORTED
TETRAPEPTIDE-72,,NOT REPORTED
TETRAPEPTIDE-74,,NOT REPORTED
TETRAPEPTIDE-75,,NOT REPORTED
TETRAPEPTIDE-78,,NOT REPORTED
TETRAPEPTIDE-79,,NOT REPORTED
TETRAPEPTIDE-8,,SKIN CONDITIONING
TETRAPEPTIDE-80,,NOT REPORTED
TETRAPEPTIDE-85,,NOT REPORTED
TETRAPEPTIDE-87 AMIDE,,NOT REPORTED
TETRAPEPTIDE-88,,NOT REPORTED
TETRAPEPTIDE-89,,NOT REPORTED
TETRAPEPTIDE-9,,SKIN CONDITIONING
THERMUS THERMOPHILUS PUTATIVE ESTERASE,,SKIN CONDITIONING
THIOOCTOYL TETRAPEPTIDE-3,,ANTIOXIDANT
THIOXANTHONE,,NOT REPORTED
THUJA OCCIDENTALIS STEM EXTRACT,III/119,PERFUMING
THYMUS SATUREIOIDES WATER,,SKIN CONDITIONING
THYMUS SERPILLUM EXTRACT,,"CLEANSING, DEODORANT, MASKING, TONIC"
THYMUS SERPILLUM LEAF EXTRACT,,SKIN CONDITIONING
THYMUS ZYGIS HERB OIL,,PERFUMING
TOLUENE DIISOCYANATE,"CMR2
II/1118,  II/1119,  II/1120  ",NOT REPORTED
TRANS-2-HEXENYL ACETATE,,PERFUMING
TRANS-3-HEXENOL,,PERFUMING
TRANS-4-DECENAL,,PERFUMING
TRANS-ANETHOLE,,PERFUMING
TRANS-CINNAMIC ACID,,PERFUMING
TRANS-ISOEUGENOL,III/73,PERFUMING
TRANS-ROSE KETONE-1,III/163,PERFUMING
TRANSGENIC BARLEY RH-POLYPEPTIDE-17,II/416,"HAIR CONDITIONING, SKIN CONDITIONING"
TRANSGENIC BARLEY SEED EXTRACT,,SKIN CONDITIONING
TRANSGENIC BARLEY SH-OLIGOPEPTIDE-1,,SKIN CONDITIONING
TRANSGENIC BARLEY SH-OLIGOPEPTIDE-2,,"HAIR CONDITIONING, SKIN CONDITIONING"
TRANSGENIC BARLEY SH-POLYPEPTIDE-1,,"HAIR CONDITIONING, SKIN CONDITIONING"
TRANSGENIC BARLEY SH-POLYPEPTIDE-17,,"HAIR CONDITIONING, SKIN CONDITIONING"
TRANSGENIC BARLEY SH-POLYPEPTIDE-25,,SKIN CONDITIONING
TRANSGENIC BARLEY SH-POLYPEPTIDE-3,,NOT REPORTED
TRANSGENIC BARLEY SH-POLYPEPTIDE-8,,SKIN CONDITIONING
TRANSGENIC BARLEY SH-POLYPEPTIDE-9,,SKIN CONDITIONING
TRANSGENIC NEMATODE RH-POLYPEPTIDE-47,II/416,"HUMECTANT, SKIN CONDITIONING, SKIN CONDITIONING - EMOLLIENT"
TRANSGENIC RICE RH-OLIGOPEPTIDE-2,II/416,SKIN CONDITIONING
TRANSGENIC RICE RH-POLYPEPTIDE-45,II/416,"SKIN CONDITIONING, SKIN PROTECTING"
TRANSGENIC RICE SH-OLIGOPEPTIDE-1,,SKIN CONDITIONING
TRANSGENIC SILKWORK SH-OLIGOPEPTIDE-2,,NOT REPORTED
TRANSGENIC SILKWORM RH-OLIGOPEPTIDE-2,II/416,SKIN CONDITIONING
TRANSGENIC SILKWORM RH-POLYPEPTIDE-47,II/416,"HUMECTANT, SKIN CONDITIONING, SKIN CONDITIONING - EMOLLIENT"
TRANSGENIC SILKWORM RH-POLYPEPTIDE-69,II/416,"HUMECTANT, SKIN CONDITIONING"
TRANSGENIC SILKWORM SH-OLIGOPEPTIDE-1,,SKIN CONDITIONING
TRANSGENIC SILKWORM SH-OLIGOPEPTIDE-2,,NOT REPORTED
TRANSGENIC TOBACCO R-JELLYFISH POLYPEPTIDE-1,,COSMETIC COLORANT
TRANSGENIC TOBACCO RH-OLIGOPEPTIDE-1,II/416,SKIN PROTECTING
TRI (POLYGLYCERYL-3/LAURYL) HYDROGENATED TRILINOLEATE,,"SURFACTANT - CLEANSING, SURFACTANT - EMULSIFYING"
TRIETHANOLAMINE POLYOXYETHYLENE ALKYLPHENYLETHER PHOSPHATE,III/62,SURFACTANT
TRIETHYLENEGLYCOL DIMETHACRYLATE,,FILM FORMING
TRIFLUOROMETHYL DECHLORO ETHYLCLOPROSTENOLAMIDE,,HAIR CONDITIONING
TRIFLUOROMETHYL DECHLORO ETHYLPROSTENOLAMIDE,,HAIR CONDITIONING
TRIMELLITIC ANHYDRIDE,,NOT REPORTED
TRIMETHYLHEXAMETHYLENE DIISOCYANATE,,NOT REPORTED
TRIMETHYLOLPROPANE DIALLYL ETHER,,NOT REPORTED
TRIPEPTIDE-10,,SKIN CONDITIONING
TRIPEPTIDE-28,,SKIN CONDITIONING
TRIPEPTIDE-30,,SKIN CONDITIONING
TRIPEPTIDE-31,,SKIN CONDITIONING
TRIPEPTIDE-33,,SKIN CONDITIONING
TRIPEPTIDE-34,,SKIN CONDITIONING
TRIPEPTIDE-36,,SKIN CONDITIONING
TRIPEPTIDE-37,,SKIN CONDITIONING
TRIPEPTIDE-38,,SKIN CONDITIONING
TRIPEPTIDE-39,,SKIN CONDITIONING
TRIPEPTIDE-4,,SKIN CONDITIONING
TRIPEPTIDE-40,,SKIN CONDITIONING
TRIPEPTIDE-42,,SKIN CONDITIONING
TRIPEPTIDE-43,,SKIN CONDITIONING
TRIPEPTIDE-44,,SKIN CONDITIONING
TRIPEPTIDE-45,,SKIN CONDITIONING
TRIPEPTIDE-46,,SKIN CONDITIONING
TRIPEPTIDE-49,,SKIN CONDITIONING
TRIPEPTIDE-5,,SKIN CONDITIONING
TRIPEPTIDE-50,,SKIN CONDITIONING
TRIPEPTIDE-52,,SKIN CONDITIONING
TRIPEPTIDE-53,,SKIN CONDITIONING
TRIPEPTIDE-54,,SKIN CONDITIONING
TRIPEPTIDE-56,,SKIN CONDITIONING
TRIPEPTIDE-57,,SKIN CONDITIONING
TRIPEPTIDE-58,,SKIN CONDITIONING
TRIPEPTIDE-64,,SKIN CONDITIONING
TRIPEPTIDE-68,,SKIN CONDITIONING
TRIPEPTIDE-69,,"HUMECTANT, SKIN CONDITIONING"
TRIPEPTIDE-7,,SKIN CONDITIONING
TRIPEPTIDE-70,,NOT REPORTED
TRIPEPTIDE-71,"Tripeptide-71 is included in the INCI database as a reference for the definition of other INCI Names, and might not be a marketed cosmetic ingredient.",SKIN CONDITIONING
TRIPEPTIDE-74,,SKIN CONDITIONING
TRIPEPTIDE-75,,NOT REPORTED
TRIPEPTIDE-76,,NOT REPORTED
TRIPEPTIDE-78,,NOT REPORTED
TRIPEPTIDE-8,,SKIN CONDITIONING
TRIPEPTIDE-82,,NOT REPORTED
TRIPEPTIDE-84,,NOT REPORTED
TRIPEPTIDE-87 AMIDE,,NOT REPORTED
TRIPEPTIDE-88,,NOT REPORTED
TRIPEPTIDE-89,,NOT REPORTED
TRIPEPTIDE-9,,SKIN CONDITIONING
TRIS(N-HYDROXYETHYL)HEXAHYDROTRIAZINE,,PRESERVATIVE
TRIS(TETRAMETHYLHYDROXYPIPERIDINOL)CITRATE,,LIGHT STABILIZER
TRIS(TRIBUTOXYSILOXY)METHYLSILANE,,"EMOLLIENT, SKIN CONDITIONING"
TRIS-OLEOYLTROMETHAMINE ETHANE SULFATE,,SKIN CONDITIONING
TUBER MELANOSPORUM WHOLE PLANT EXTRACT,,PERFUMING
UNDECALACTONE,,PERFUMING
UNDECYL POLYGLUCOSE,,SURFACTANT
VACCINIUM OLDHAMI FRUIT EXTRACT,,SKIN CONDITIONING
VANILLA PLANIFOLIA BEAN EXTRACT,,PERFUMING
VANILLA TAHITENSIS BEAN EXTRACT,,PERFUMING
VETIVERIA ZIZANOIDES EXTRACT,,SKIN CONDITIONING
VINYL DIMETHYL/TRIMETHYLSILOXYSILICATE STEARYL DIMETHICONE CROSSPOLYMER,,"BULKING, FILM FORMING, VISCOSITY CONTROLLING"
VINYLDIMETHICONE,,VISCOSITY CONTROLLING
VINYLIDENE DIFLUORIDE,,NOT REPORTED
VINYLSTYRENE,,NOT REPORTED
VINYLTRIMETHYLSILYLOXY SILICATE,,NOT REPORTED
VITIS ROTUNDIFOLIA EXTRACT,,"ANTIOXIDANT, SKIN CONDITIONING"
VITIS VINIFERA (GRAPE) SEED/SKIN/STEM EXTRACT,,ANTIOXIDANT
VITIS VINIFERA OIL,,PERFUMING
VITIS VINIFERA PEEL EXTRACT,,"ASTRINGENT, SKIN CONDITIONING"
XANTHOPHYLL,,SKIN CONDITIONING
XYLENE DIISOCYANATE,,NOT REPORTED
YEAST BETAGLUCAN,,"FILM FORMING, SKIN CONDITIONING, SKIN PROTECTING, VISCOSITY CONTROLLING"
YOKUININ,,"ABRASIVE, SKIN CONDITIONING"
YOMOGI SUI,,NOT REPORTED
YOUNGIA SONCHIFOLIA CALLUS CULTURE CONDINIONED MEDIA,,"ANTIOXIDANT, SKIN CONDITIONING, SKIN PROTECTING"
YUCCA VERA EXTRACT,,"MASKING, SKIN CONDITIONING"
ZANTHOXYLUM PIPERITUM SEED EXTRACT,,SKIN CONDITIONING
ZIRCONYL DIOXIDE,II/391,OPACIFYING
ZIZYPHUS JOAZEIRO BARK EXTRACT,,"ANTIDANDRUFF, SKIN CONDITIONING"
ZIZYPHUS JUJUBA FRUIT EXTRACT,,SKIN CONDITIONING
ZIZYPHUS JUJUBA LEAF EXTRACT,,SKIN CONDITIONING
ZIZYPHUS JUJUBA SEED EXTRACT,,SKIN CONDITIONING
ZIZYPHUS SATIVA EXTRACT,,SKIN CONDITIONING
ZIZYPHUS SPINA-CHRISTI LEAF,,SKIN CONDITIONING
